OrthoDB 12v0,OrthoDB 12v2,Human gene,Human paralogs,Total orthologs,Protein class
10036721at2759,2728787at2759,MCM5,1,48,DNA metabolism
10036721at2759,5017126at2759,MCM5,1,48,DNA metabolism
10036721at2759,4754267at2759,MCM5,1,48,DNA metabolism
10036721at2759,2207752at2759,MCM5,1,48,DNA metabolism
10036721at2759,1770331at2759,MCM5,1,48,DNA metabolism
10036721at2759,4841871at2759,MCM5,1,48,DNA metabolism
10060499at2759,1977584at2759,Ruvbl1,3,72,Unclassified
10060499at2759,5000319at2759,Ruvbl1,3,72,Unclassified
10060499at2759,4849212at2759,Ruvbl1,3,72,Unclassified
10248520at2759,520107at2759,CCT5,4,163,chaperone
10248520at2759,4971695at2759,CCT5,4,163,chaperone
10248520at2759,717908at2759,CCT5,4,163,chaperone
10248520at2759,4936716at2759,CCT5,4,163,chaperone
10248520at2759,2746638at2759,CCT5,4,163,chaperone
10248520at2759,4982439at2759,CCT5,4,163,chaperone
10248520at2759,2737033at2759,CCT5,4,163,chaperone
10248617at2759,4971508at2759,Polr1B,5,111,RNA metabolism
10248617at2759,705010at2759,Polr1B,5,111,RNA metabolism
10248617at2759,525125at2759,Polr1B,5,111,RNA metabolism
10248617at2759,531263at2759,Polr1B,5,111,RNA metabolism
10248617at2759,457975at2759,Polr1B,5,111,RNA metabolism
10248812at2759,5013726at2759,IMP3,1,33,translational protein
10249535at2759,4963268at2759,INTS11,2,61,RNA metabolism
10249535at2759,1980977at2759,INTS11,2,61,RNA metabolism
10249535at2759,5023386at2759,INTS11,2,61,RNA metabolism
10249535at2759,5003322at2759,INTS11,2,61,RNA metabolism
10249535at2759,4728027at2759,INTS11,2,61,RNA metabolism
10249535at2759,2802280at2759,INTS11,2,61,RNA metabolism
10250002at2759,4969018at2759,Dkc1,1,37,chromatin/regulatory
10250117at2759,5013488at2759,NFS1,3,53,metabolite interconversion enzyme
10250117at2759,3200217at2759,NFS1,3,53,metabolite interconversion enzyme
10250117at2759,4594203at2759,NFS1,3,53,metabolite interconversion enzyme
10250117at2759,4909408at2759,NFS1,3,53,metabolite interconversion enzyme
10250117at2759,2460182at2759,NFS1,3,53,metabolite interconversion enzyme
10250354at2759,4842476at2759,TAH1,4,533,chaperone
10250354at2759,793600at2759,TAH1,4,533,chaperone
10250354at2759,795464at2759,TAH1,4,533,chaperone
10250354at2759,5004250at2759,TAH1,4,533,chaperone
10250354at2759,4926962at2759,TAH1,4,533,chaperone
10250354at2759,683791at2759,TAH1,4,533,chaperone
10250354at2759,4932650at2759,TAH1,4,533,chaperone
10250354at2759,4893097at2759,TAH1,4,533,chaperone
10250354at2759,805771at2759,TAH1,4,533,chaperone
10250354at2759,4942545at2759,TAH1,4,533,chaperone
10250354at2759,2703920at2759,TAH1,4,533,chaperone
10250354at2759,4694578at2759,TAH1,4,533,chaperone
10250354at2759,226499at2759,TAH1,4,533,chaperone
10250354at2759,763425at2759,TAH1,4,533,chaperone
10250354at2759,624636at2759,TAH1,4,533,chaperone
10250354at2759,1801458at2759,TAH1,4,533,chaperone
10250354at2759,4594759at2759,TAH1,4,533,chaperone
10250354at2759,4894246at2759,TAH1,4,533,chaperone
10250354at2759,347058at2759,TAH1,4,533,chaperone
10250354at2759,4864431at2759,TAH1,4,533,chaperone
10250354at2759,256377at2759,TAH1,4,533,chaperone
10250354at2759,5006474at2759,TAH1,4,533,chaperone
10250354at2759,32295at2759,TAH1,4,533,chaperone
10250354at2759,700278at2759,TAH1,4,533,chaperone
10250354at2759,788980at2759,TAH1,4,533,chaperone
10250354at2759,786890at2759,TAH1,4,533,chaperone
10250354at2759,4569560at2759,TAH1,4,533,chaperone
10250354at2759,4894856at2759,TAH1,4,533,chaperone
10250354at2759,509198at2759,TAH1,4,533,chaperone
10250354at2759,539981at2759,TAH1,4,533,chaperone
10250354at2759,771678at2759,TAH1,4,533,chaperone
10250354at2759,5015697at2759,TAH1,4,533,chaperone
10250354at2759,675857at2759,TAH1,4,533,chaperone
10250354at2759,583971at2759,TAH1,4,533,chaperone
10250354at2759,4979985at2759,TAH1,4,533,chaperone
10250354at2759,646654at2759,TAH1,4,533,chaperone
10250354at2759,4999927at2759,TAH1,4,533,chaperone
10250354at2759,4953410at2759,TAH1,4,533,chaperone
10250354at2759,291406at2759,TAH1,4,533,chaperone
10250354at2759,540671at2759,TAH1,4,533,chaperone
10250354at2759,335184at2759,TAH1,4,533,chaperone
10250354at2759,286317at2759,TAH1,4,533,chaperone
10250354at2759,237090at2759,TAH1,4,533,chaperone
10250354at2759,4844886at2759,TAH1,4,533,chaperone
10250354at2759,4840389at2759,TAH1,4,533,chaperone
10250354at2759,807978at2759,TAH1,4,533,chaperone
10250354at2759,4885243at2759,TAH1,4,533,chaperone
10250354at2759,4844114at2759,TAH1,4,533,chaperone
10250354at2759,4931092at2759,TAH1,4,533,chaperone
10250354at2759,4811650at2759,TAH1,4,533,chaperone
10250354at2759,788305at2759,TAH1,4,533,chaperone
10250354at2759,336009at2759,TAH1,4,533,chaperone
10250354at2759,4935065at2759,TAH1,4,533,chaperone
10250354at2759,636472at2759,TAH1,4,533,chaperone
10250354at2759,772472at2759,TAH1,4,533,chaperone
10250354at2759,772773at2759,TAH1,4,533,chaperone
10250354at2759,4402272at2759,TAH1,4,533,chaperone
10250354at2759,4810972at2759,TAH1,4,533,chaperone
10250354at2759,4846187at2759,TAH1,4,533,chaperone
10250354at2759,662017at2759,TAH1,4,533,chaperone
10250354at2759,4927715at2759,TAH1,4,533,chaperone
10250354at2759,667642at2759,TAH1,4,533,chaperone
10250354at2759,788917at2759,TAH1,4,533,chaperone
10250354at2759,5015274at2759,TAH1,4,533,chaperone
10250354at2759,805096at2759,TAH1,4,533,chaperone
10250354at2759,4823499at2759,TAH1,4,533,chaperone
10250354at2759,805799at2759,TAH1,4,533,chaperone
10250354at2759,289467at2759,TAH1,4,533,chaperone
10250354at2759,4803944at2759,TAH1,4,533,chaperone
10250354at2759,5015462at2759,TAH1,4,533,chaperone
10250354at2759,4949592at2759,TAH1,4,533,chaperone
10250354at2759,4748726at2759,TAH1,4,533,chaperone
10250354at2759,5003867at2759,TAH1,4,533,chaperone
10250354at2759,532733at2759,TAH1,4,533,chaperone
10250354at2759,759793at2759,TAH1,4,533,chaperone
10250354at2759,2168663at2759,TAH1,4,533,chaperone
10250354at2759,4806845at2759,TAH1,4,533,chaperone
10250354at2759,795584at2759,TAH1,4,533,chaperone
10250354at2759,4804644at2759,TAH1,4,533,chaperone
10250354at2759,2540386at2759,TAH1,4,533,chaperone
10250354at2759,793388at2759,TAH1,4,533,chaperone
10250354at2759,663577at2759,TAH1,4,533,chaperone
10250354at2759,2737737at2759,TAH1,4,533,chaperone
10250354at2759,3300325at2759,TAH1,4,533,chaperone
10250354at2759,4914099at2759,TAH1,4,533,chaperone
10250354at2759,767244at2759,TAH1,4,533,chaperone
10250354at2759,336018at2759,TAH1,4,533,chaperone
10250354at2759,4887254at2759,TAH1,4,533,chaperone
10250354at2759,76462at2759,TAH1,4,533,chaperone
10250354at2759,2689326at2759,TAH1,4,533,chaperone
10250354at2759,677959at2759,TAH1,4,533,chaperone
10250354at2759,809391at2759,TAH1,4,533,chaperone
10250354at2759,5019768at2759,TAH1,4,533,chaperone
10250354at2759,2669838at2759,TAH1,4,533,chaperone
10250354at2759,345421at2759,TAH1,4,533,chaperone
10250354at2759,4931666at2759,TAH1,4,533,chaperone
10250354at2759,808839at2759,TAH1,4,533,chaperone
10250354at2759,516406at2759,TAH1,4,533,chaperone
10250354at2759,4818864at2759,TAH1,4,533,chaperone
10250354at2759,4898590at2759,TAH1,4,533,chaperone
10250354at2759,4935280at2759,TAH1,4,533,chaperone
10250354at2759,741772at2759,TAH1,4,533,chaperone
10250354at2759,805200at2759,TAH1,4,533,chaperone
10250354at2759,4893143at2759,TAH1,4,533,chaperone
10250354at2759,747473at2759,TAH1,4,533,chaperone
10250354at2759,4972322at2759,TAH1,4,533,chaperone
10250354at2759,5019670at2759,TAH1,4,533,chaperone
10250354at2759,343574at2759,TAH1,4,533,chaperone
10250354at2759,4840419at2759,TAH1,4,533,chaperone
10250354at2759,2740906at2759,TAH1,4,533,chaperone
10250354at2759,4892880at2759,TAH1,4,533,chaperone
10250354at2759,5003957at2759,TAH1,4,533,chaperone
10250354at2759,4894568at2759,TAH1,4,533,chaperone
10250354at2759,4813783at2759,TAH1,4,533,chaperone
10250354at2759,5020844at2759,TAH1,4,533,chaperone
10250354at2759,344766at2759,TAH1,4,533,chaperone
10250478at2759,4983918at2759,GUS1,3,66,translational protein
10250478at2759,544921at2759,GUS1,3,66,translational protein
10250478at2759,4837942at2759,GUS1,3,66,translational protein
10250478at2759,551000at2759,GUS1,3,66,translational protein
10250817at2759,4840860at2759,SRP54,1,43,RNA metabolism
10250817at2759,554070at2759,SRP54,1,43,RNA metabolism
10250817at2759,3199860at2759,SRP54,1,43,RNA metabolism
10250970at2759,5000824at2759,SF3A2,1,34,RNA metabolism
10251154at2759,5015876at2759,WDR46,2,33,Unclassified
10251574at2759,4987397at2759,MCM4,2,35,DNA metabolism
10251574at2759,678617at2759,MCM4,2,35,DNA metabolism
10252509at2759,160487at2759,Rpn1,1,37,protein modifying enzyme
10253113at2759,534485at2759,CIAO3,3,39,metabolite interconversion enzyme
10253113at2759,4999379at2759,CIAO3,3,39,metabolite interconversion enzyme
10253204at2759,5001422at2759,IMP4,2,52,RNA metabolism
10253204at2759,5013936at2759,IMP4,2,52,RNA metabolism
10253254at2759,194710at2759,ECM16,10,265,RNA metabolism
10253254at2759,4587549at2759,ECM16,10,265,RNA metabolism
10253254at2759,4927729at2759,ECM16,10,265,RNA metabolism
10253254at2759,525184at2759,ECM16,10,265,RNA metabolism
10253254at2759,4929233at2759,ECM16,10,265,RNA metabolism
10253254at2759,235705at2759,ECM16,10,265,RNA metabolism
10253254at2759,5016773at2759,ECM16,10,265,RNA metabolism
10253254at2759,4934031at2759,ECM16,10,265,RNA metabolism
10253254at2759,692385at2759,ECM16,10,265,RNA metabolism
10253254at2759,938505at2759,ECM16,10,265,RNA metabolism
10253254at2759,2527396at2759,ECM16,10,265,RNA metabolism
10253254at2759,804438at2759,ECM16,10,265,RNA metabolism
10253254at2759,4944799at2759,ECM16,10,265,RNA metabolism
10253254at2759,4813274at2759,ECM16,10,265,RNA metabolism
10253254at2759,4364867at2759,ECM16,10,265,RNA metabolism
10253254at2759,292841at2759,ECM16,10,265,RNA metabolism
10253254at2759,4858573at2759,ECM16,10,265,RNA metabolism
10253254at2759,5006821at2759,ECM16,10,265,RNA metabolism
10253254at2759,4793208at2759,ECM16,10,265,RNA metabolism
10253254at2759,4618709at2759,ECM16,10,265,RNA metabolism
10254527at2759,5024084at2759,ETF1,2,44,translational protein
10254527at2759,5000051at2759,ETF1,2,44,translational protein
10254671at2759,5003886at2759,CKA2,3,59,Unclassified
10254671at2759,293469at2759,CKA2,3,59,Unclassified
10254671at2759,5015836at2759,CKA2,3,59,Unclassified
10254671at2759,304231at2759,CKA2,3,59,Unclassified
10254671at2759,4982995at2759,CKA2,3,59,Unclassified
10254671at2759,5015483at2759,CKA2,3,59,Unclassified
10255013at2759,5006629at2759,SSO2,9,94,membrane traffic protein
10255013at2759,639062at2759,SSO2,9,94,membrane traffic protein
10255013at2759,1792748at2759,SSO2,9,94,membrane traffic protein
10255013at2759,4935568at2759,SSO2,9,94,membrane traffic protein
10255013at2759,4894318at2759,SSO2,9,94,membrane traffic protein
10255013at2759,4596386at2759,SSO2,9,94,membrane traffic protein
10255013at2759,2491240at2759,SSO2,9,94,membrane traffic protein
10255414at2759,2747976at2759,SUI3,1,39,translational protein
10255414at2759,273718at2759,SUI3,1,39,translational protein
10255414at2759,4942224at2759,SUI3,1,39,translational protein
10255768at2759,5012920at2759,Rpt3R,1,71,protein modifying enzyme
10255768at2759,2746553at2759,Rpt3R,1,71,protein modifying enzyme
10255768at2759,792223at2759,Rpt3R,1,71,protein modifying enzyme
10255768at2759,5002001at2759,Rpt3R,1,71,protein modifying enzyme
10255768at2759,4971596at2759,Rpt3R,1,71,protein modifying enzyme
10255768at2759,4993664at2759,Rpt3R,1,71,protein modifying enzyme
10255768at2759,4948653at2759,Rpt3R,1,71,protein modifying enzyme
10256122at2759,759037at2759,PRP46,2,37,Unclassified
10256289at2759,5012811at2759,Sec23,2,51,membrane traffic protein
10256771at2759,4886954at2759,PSMD7,1,35,translational protein
10258825at2759,785367at2759,RRP8,1,33,Unclassified
10260625at2759,783301at2759,Ywhaz,9,102,scaffold/adaptor protein
10260625at2759,4894766at2759,Ywhaz,9,102,scaffold/adaptor protein
10260625at2759,698921at2759,Ywhaz,9,102,scaffold/adaptor protein
10260625at2759,593429at2759,Ywhaz,9,102,scaffold/adaptor protein
10260625at2759,5027479at2759,Ywhaz,9,102,scaffold/adaptor protein
10260794at2759,538728at2759,SF3B2,1,35,RNA metabolism
10260794at2759,327273at2759,SF3B2,1,35,RNA metabolism
10261556at2759,5006307at2759,him,6,171,DNA metabolism
10261556at2759,250699at2759,him,6,171,DNA metabolism
10261556at2759,804673at2759,him,6,171,DNA metabolism
10261556at2759,5003245at2759,him,6,171,DNA metabolism
10261556at2759,168967at2759,him,6,171,DNA metabolism
10261556at2759,627735at2759,him,6,171,DNA metabolism
10261556at2759,4674754at2759,him,6,171,DNA metabolism
10261556at2759,489340at2759,him,6,171,DNA metabolism
10261556at2759,2847939at2759,him,6,171,DNA metabolism
10261556at2759,4819615at2759,him,6,171,DNA metabolism
10261556at2759,5001775at2759,him,6,171,DNA metabolism
10261556at2759,5006164at2759,him,6,171,DNA metabolism
10261556at2759,795021at2759,him,6,171,DNA metabolism
10261556at2759,4889033at2759,him,6,171,DNA metabolism
10261556at2759,4840434at2759,him,6,171,DNA metabolism
10261556at2759,2440651at2759,him,6,171,DNA metabolism
10261556at2759,793891at2759,him,6,171,DNA metabolism
10261556at2759,4771062at2759,him,6,171,DNA metabolism
10261556at2759,4452098at2759,him,6,171,DNA metabolism
10261556at2759,4689512at2759,him,6,171,DNA metabolism
10261556at2759,4969593at2759,him,6,171,DNA metabolism
10261556at2759,802451at2759,him,6,171,DNA metabolism
10261556at2759,2350526at2759,him,6,171,DNA metabolism
10261556at2759,249211at2759,him,6,171,DNA metabolism
10261556at2759,768341at2759,him,6,171,DNA metabolism
10261556at2759,4699099at2759,him,6,171,DNA metabolism
10261556at2759,2130047at2759,him,6,171,DNA metabolism
10261556at2759,4808428at2759,him,6,171,DNA metabolism
10261556at2759,1449013at2759,him,6,171,DNA metabolism
10262475at2759,5000848at2759,Bub3,2,45,RNA metabolism
10262475at2759,4886469at2759,Bub3,2,45,RNA metabolism
10262475at2759,4929658at2759,Bub3,2,45,RNA metabolism
10262475at2759,5002026at2759,Bub3,2,45,RNA metabolism
10262475at2759,672609at2759,Bub3,2,45,RNA metabolism
10262475at2759,4969440at2759,Bub3,2,45,RNA metabolism
10262475at2759,4933993at2759,Bub3,2,45,RNA metabolism
10262857at2759,801816at2759,BET3,2,34,Unclassified
10262857at2759,2737746at2759,BET3,2,34,Unclassified
10262986at2759,524499at2759,ERCC3,2,43,DNA metabolism
10262986at2759,2639159at2759,ERCC3,2,43,DNA metabolism
10262986at2759,4962221at2759,ERCC3,2,43,DNA metabolism
10263554at2759,5004146at2759,ATP6V1H,2,41,transporter
10264038at2759,5001397at2759,EXOSC9,2,33,RNA metabolism
10264220at2759,5002710at2759,ATP6V0A1,6,85,transporter
10264220at2759,4970834at2759,ATP6V0A1,6,85,transporter
10264220at2759,4919675at2759,ATP6V0A1,6,85,transporter
10264220at2759,2915243at2759,ATP6V0A1,6,85,transporter
10264220at2759,2898017at2759,ATP6V0A1,6,85,transporter
10264220at2759,762439at2759,ATP6V0A1,6,85,transporter
10264220at2759,4947390at2759,ATP6V0A1,6,85,transporter
10264220at2759,4892721at2759,ATP6V0A1,6,85,transporter
10264728at2759,5000743at2759,Naa20A,1,36,metabolite interconversion enzyme
10264728at2759,4883023at2759,Naa20A,1,36,metabolite interconversion enzyme
10264728at2759,5023990at2759,Naa20A,1,36,metabolite interconversion enzyme
10264910at2759,5005215at2759,NOP7,2,35,RNA metabolism
10265243at2759,3542375at2759,ELP3,2,36,chromatin/regulatory
10265628at2759,4999798at2759,SHM2,5,80,metabolite interconversion enzyme
10265628at2759,4969745at2759,SHM2,5,80,metabolite interconversion enzyme
10265628at2759,533092at2759,SHM2,5,80,metabolite interconversion enzyme
10265628at2759,4950980at2759,SHM2,5,80,metabolite interconversion enzyme
10265628at2759,5025697at2759,SHM2,5,80,metabolite interconversion enzyme
10265628at2759,4837079at2759,SHM2,5,80,metabolite interconversion enzyme
10265628at2759,695417at2759,SHM2,5,80,metabolite interconversion enzyme
10265628at2759,264300at2759,SHM2,5,80,metabolite interconversion enzyme
10265785at2759,2423377at2759,EIF4A2,9,190,RNA metabolism
10265785at2759,782684at2759,EIF4A2,9,190,RNA metabolism
10265785at2759,4998954at2759,EIF4A2,9,190,RNA metabolism
10265785at2759,750587at2759,EIF4A2,9,190,RNA metabolism
10265785at2759,4998958at2759,EIF4A2,9,190,RNA metabolism
10265785at2759,4225129at2759,EIF4A2,9,190,RNA metabolism
10265785at2759,728945at2759,EIF4A2,9,190,RNA metabolism
10265785at2759,263638at2759,EIF4A2,9,190,RNA metabolism
10265785at2759,709118at2759,EIF4A2,9,190,RNA metabolism
10265785at2759,4454322at2759,EIF4A2,9,190,RNA metabolism
10265785at2759,531747at2759,EIF4A2,9,190,RNA metabolism
10265785at2759,3541172at2759,EIF4A2,9,190,RNA metabolism
10265785at2759,460970at2759,EIF4A2,9,190,RNA metabolism
10265785at2759,283101at2759,EIF4A2,9,190,RNA metabolism
10265785at2759,4962348at2759,EIF4A2,9,190,RNA metabolism
10266385at2759,5002325at2759,Pdhb,2,68,metabolite interconversion enzyme
10266385at2759,4836422at2759,Pdhb,2,68,metabolite interconversion enzyme
10266385at2759,4999795at2759,Pdhb,2,68,metabolite interconversion enzyme
10266385at2759,4999514at2759,Pdhb,2,68,metabolite interconversion enzyme
108365at2759,294132at2759,Pkm,4,110,metabolite interconversion enzyme
108365at2759,225934at2759,Pkm,4,110,metabolite interconversion enzyme
108365at2759,806122at2759,Pkm,4,110,metabolite interconversion enzyme
108365at2759,532695at2759,Pkm,4,110,metabolite interconversion enzyme
108365at2759,4853439at2759,Pkm,4,110,metabolite interconversion enzyme
108365at2759,4858914at2759,Pkm,4,110,metabolite interconversion enzyme
108365at2759,763936at2759,Pkm,4,110,metabolite interconversion enzyme
108365at2759,4882462at2759,Pkm,4,110,metabolite interconversion enzyme
108365at2759,211457at2759,Pkm,4,110,metabolite interconversion enzyme
108365at2759,759395at2759,Pkm,4,110,metabolite interconversion enzyme
1093at2759,5000045at2759,RPN9,1,36,protein modifying enzyme
1183224at2759,5013402at2759,ntl,2,42,Unclassified
1608002at2759,516453at2759,Nurf,3,79,metabolite interconversion enzyme
1608002at2759,4886403at2759,Nurf,3,79,metabolite interconversion enzyme
1608002at2759,811591at2759,Nurf,3,79,metabolite interconversion enzyme
1608002at2759,2540535at2759,Nurf,3,79,metabolite interconversion enzyme
16120at2759,4908503at2759,RRD2,3,48,protein-binding activity modulator
16120at2759,3768359at2759,RRD2,3,48,protein-binding activity modulator
16120at2759,5015154at2759,RRD2,3,48,protein-binding activity modulator
1649088at2759,4969636at2759,Dph1,1,34,Unclassified
1649088at2759,538646at2759,Dph1,1,34,Unclassified
1650at2759,5003856at2759,RRP4,2,34,RNA metabolism
1650at2759,1965647at2759,RRP4,2,34,RNA metabolism
1662883at2759,4581638at2759,TUB2,13,142,cytoskeletal protein
1662883at2759,4775870at2759,TUB2,13,142,cytoskeletal protein
1662883at2759,806058at2759,TUB2,13,142,cytoskeletal protein
1662883at2759,782766at2759,TUB2,13,142,cytoskeletal protein
1662883at2759,4884189at2759,TUB2,13,142,cytoskeletal protein
1662883at2759,664997at2759,TUB2,13,142,cytoskeletal protein
1662883at2759,4898470at2759,TUB2,13,142,cytoskeletal protein
1662883at2759,3265293at2759,TUB2,13,142,cytoskeletal protein
1662883at2759,2882948at2759,TUB2,13,142,cytoskeletal protein
1662883at2759,4576019at2759,TUB2,13,142,cytoskeletal protein
1662883at2759,2706867at2759,TUB2,13,142,cytoskeletal protein
1662883at2759,3135889at2759,TUB2,13,142,cytoskeletal protein
1662883at2759,3970709at2759,TUB2,13,142,cytoskeletal protein
1662883at2759,370399at2759,TUB2,13,142,cytoskeletal protein
1685042at2759,539632at2759,SUI2,1,35,translational protein
1698572at2759,5006326at2759,FARSB,1,36,translational protein
1706066at2759,4891463at2759,ACS2,3,65,metabolite interconversion enzyme
1706657at2759,4999362at2759,IARS1,2,38,translational protein
1716531at2759,4933913at2759,DERL3,2,61,transporter
1716531at2759,4841431at2759,DERL3,2,61,transporter
1716531at2759,4883184at2759,DERL3,2,61,transporter
1716531at2759,4839778at2759,DERL3,2,61,transporter
1719357at2759,5013108at2759,SEC22,3,40,Unclassified
1719357at2759,157347at2759,SEC22,3,40,Unclassified
1719357at2759,4343412at2759,SEC22,3,40,Unclassified
1727884at2759,5005697at2759,SRPRA,1,51,protein-binding activity modulator
1727884at2759,5002897at2759,SRPRA,1,51,protein-binding activity modulator
1727884at2759,4795369at2759,SRPRA,1,51,protein-binding activity modulator
1732493at2759,559078at2759,CDK3,16,231,protein modifying enzyme
1732493at2759,4455704at2759,CDK3,16,231,protein modifying enzyme
1732493at2759,4886721at2759,CDK3,16,231,protein modifying enzyme
1732493at2759,4983478at2759,CDK3,16,231,protein modifying enzyme
1732493at2759,796281at2759,CDK3,16,231,protein modifying enzyme
1732493at2759,4981067at2759,CDK3,16,231,protein modifying enzyme
1732493at2759,4911745at2759,CDK3,16,231,protein modifying enzyme
1732493at2759,4656727at2759,CDK3,16,231,protein modifying enzyme
1732493at2759,755288at2759,CDK3,16,231,protein modifying enzyme
1732493at2759,4259771at2759,CDK3,16,231,protein modifying enzyme
1732493at2759,449587at2759,CDK3,16,231,protein modifying enzyme
1732493at2759,83783at2759,CDK3,16,231,protein modifying enzyme
1732493at2759,4917541at2759,CDK3,16,231,protein modifying enzyme
1732493at2759,4804478at2759,CDK3,16,231,protein modifying enzyme
1732493at2759,4999543at2759,CDK3,16,231,protein modifying enzyme
1732493at2759,4918024at2759,CDK3,16,231,protein modifying enzyme
1732493at2759,721649at2759,CDK3,16,231,protein modifying enzyme
1732493at2759,751539at2759,CDK3,16,231,protein modifying enzyme
1732493at2759,4657525at2759,CDK3,16,231,protein modifying enzyme
1732493at2759,719131at2759,CDK3,16,231,protein modifying enzyme
1732493at2759,4374304at2759,CDK3,16,231,protein modifying enzyme
1732493at2759,187118at2759,CDK3,16,231,protein modifying enzyme
1732493at2759,4899119at2759,CDK3,16,231,protein modifying enzyme
1732493at2759,2708878at2759,CDK3,16,231,protein modifying enzyme
1732493at2759,762814at2759,CDK3,16,231,protein modifying enzyme
1732493at2759,4970939at2759,CDK3,16,231,protein modifying enzyme
1732493at2759,4886442at2759,CDK3,16,231,protein modifying enzyme
1732493at2759,5017489at2759,CDK3,16,231,protein modifying enzyme
1732493at2759,4895640at2759,CDK3,16,231,protein modifying enzyme
1732493at2759,4805759at2759,CDK3,16,231,protein modifying enzyme
1741334at2759,4982678at2759,NUBP2,4,90,Unclassified
1741334at2759,671192at2759,NUBP2,4,90,Unclassified
1741334at2759,759141at2759,NUBP2,4,90,Unclassified
1741334at2759,5015377at2759,NUBP2,4,90,Unclassified
1741334at2759,4793799at2759,NUBP2,4,90,Unclassified
1741334at2759,1784562at2759,NUBP2,4,90,Unclassified
1748577at2759,3736861at2759,CCT8,2,38,chaperone
1748577at2759,209257at2759,CCT8,2,38,chaperone
1856718at2759,4985895at2759,TAH18,5,190,metabolite interconversion enzyme
1856718at2759,4971880at2759,TAH18,5,190,metabolite interconversion enzyme
1856718at2759,794782at2759,TAH18,5,190,metabolite interconversion enzyme
1856718at2759,753117at2759,TAH18,5,190,metabolite interconversion enzyme
1856718at2759,5016913at2759,TAH18,5,190,metabolite interconversion enzyme
1856718at2759,5014195at2759,TAH18,5,190,metabolite interconversion enzyme
1856718at2759,5000101at2759,TAH18,5,190,metabolite interconversion enzyme
1856718at2759,1650313at2759,TAH18,5,190,metabolite interconversion enzyme
1856718at2759,312074at2759,TAH18,5,190,metabolite interconversion enzyme
1856718at2759,742820at2759,TAH18,5,190,metabolite interconversion enzyme
1856718at2759,4792932at2759,TAH18,5,190,metabolite interconversion enzyme
1856718at2759,4759567at2759,TAH18,5,190,metabolite interconversion enzyme
1856718at2759,4421726at2759,TAH18,5,190,metabolite interconversion enzyme
1856718at2759,4972552at2759,TAH18,5,190,metabolite interconversion enzyme
1856718at2759,411353at2759,TAH18,5,190,metabolite interconversion enzyme
1856718at2759,1978546at2759,TAH18,5,190,metabolite interconversion enzyme
1856718at2759,5019368at2759,TAH18,5,190,metabolite interconversion enzyme
1856718at2759,4914510at2759,TAH18,5,190,metabolite interconversion enzyme
1856718at2759,4454330at2759,TAH18,5,190,metabolite interconversion enzyme
1856718at2759,5024108at2759,TAH18,5,190,metabolite interconversion enzyme
1856718at2759,4848643at2759,TAH18,5,190,metabolite interconversion enzyme
1856718at2759,693108at2759,TAH18,5,190,metabolite interconversion enzyme
1856718at2759,4828661at2759,TAH18,5,190,metabolite interconversion enzyme
1856718at2759,5014615at2759,TAH18,5,190,metabolite interconversion enzyme
1856718at2759,260338at2759,TAH18,5,190,metabolite interconversion enzyme
1882297at2759,669963at2759,Rpl13a,3,56,translational protein
1882297at2759,609966at2759,Rpl13a,3,56,translational protein
1882297at2759,412717at2759,Rpl13a,3,56,translational protein
1882346at2759,616555at2759,Mcm3,2,42,DNA metabolism
1882346at2759,4834690at2759,Mcm3,2,42,DNA metabolism
1882346at2759,490529at2759,Mcm3,2,42,DNA metabolism
1882346at2759,614756at2759,Mcm3,2,42,DNA metabolism
1882346at2759,662402at2759,Mcm3,2,42,DNA metabolism
1882346at2759,650054at2759,Mcm3,2,42,DNA metabolism
1882346at2759,2525231at2759,Mcm3,2,42,DNA metabolism
1882346at2759,4887463at2759,Mcm3,2,42,DNA metabolism
1918432at2759,2179416at2759,RPD3,3,86,Unclassified
1918432at2759,4998944at2759,RPD3,3,86,Unclassified
1918432at2759,2193768at2759,RPD3,3,86,Unclassified
1918432at2759,2747019at2759,RPD3,3,86,Unclassified
1918432at2759,4970654at2759,RPD3,3,86,Unclassified
192611at2759,237772at2759,PIG,3,55,Unclassified
192611at2759,615552at2759,PIG,3,55,Unclassified
192611at2759,235323at2759,PIG,3,55,Unclassified
192611at2759,750815at2759,PIG,3,55,Unclassified
192611at2759,4778099at2759,PIG,3,55,Unclassified
192611at2759,4387970at2759,PIG,3,55,Unclassified
1926878at2759,5002895at2759,Orc1,4,78,DNA metabolism
1926878at2759,5001940at2759,Orc1,4,78,DNA metabolism
1926878at2759,4888268at2759,Orc1,4,78,DNA metabolism
1926878at2759,4931187at2759,Orc1,4,78,DNA metabolism
1926878at2759,2074609at2759,Orc1,4,78,DNA metabolism
1926878at2759,4851463at2759,Orc1,4,78,DNA metabolism
1926878at2759,4824949at2759,Orc1,4,78,DNA metabolism
1926878at2759,4671800at2759,Orc1,4,78,DNA metabolism
1926878at2759,73360at2759,Orc1,4,78,DNA metabolism
1926878at2759,723419at2759,Orc1,4,78,DNA metabolism
1926878at2759,4761989at2759,Orc1,4,78,DNA metabolism
1930084at2759,4999102at2759,Ppp4c,9,238,protein modifying enzyme
1930084at2759,412870at2759,Ppp4c,9,238,protein modifying enzyme
1930084at2759,135702at2759,Ppp4c,9,238,protein modifying enzyme
1930084at2759,740693at2759,Ppp4c,9,238,protein modifying enzyme
1930084at2759,267991at2759,Ppp4c,9,238,protein modifying enzyme
1930084at2759,5012403at2759,Ppp4c,9,238,protein modifying enzyme
1930084at2759,1331423at2759,Ppp4c,9,238,protein modifying enzyme
1930084at2759,4942532at2759,Ppp4c,9,238,protein modifying enzyme
1930084at2759,4894707at2759,Ppp4c,9,238,protein modifying enzyme
1933107at2759,5005150at2759,let,1,40,RNA metabolism
193499at2759,534808at2759,CPR1,5,276,chaperone
193499at2759,4817050at2759,CPR1,5,276,chaperone
193499at2759,4838409at2759,CPR1,5,276,chaperone
193499at2759,4399673at2759,CPR1,5,276,chaperone
193499at2759,4932579at2759,CPR1,5,276,chaperone
193499at2759,5014046at2759,CPR1,5,276,chaperone
193499at2759,493269at2759,CPR1,5,276,chaperone
193499at2759,4886716at2759,CPR1,5,276,chaperone
193499at2759,5020362at2759,CPR1,5,276,chaperone
193499at2759,604473at2759,CPR1,5,276,chaperone
193499at2759,5001639at2759,CPR1,5,276,chaperone
193499at2759,4841735at2759,CPR1,5,276,chaperone
193499at2759,541798at2759,CPR1,5,276,chaperone
193499at2759,1723623at2759,CPR1,5,276,chaperone
193499at2759,4517228at2759,CPR1,5,276,chaperone
193499at2759,783517at2759,CPR1,5,276,chaperone
193499at2759,617278at2759,CPR1,5,276,chaperone
193499at2759,3403645at2759,CPR1,5,276,chaperone
193499at2759,4981565at2759,CPR1,5,276,chaperone
193499at2759,4811540at2759,CPR1,5,276,chaperone
193499at2759,749132at2759,CPR1,5,276,chaperone
193499at2759,4747951at2759,CPR1,5,276,chaperone
193499at2759,802431at2759,CPR1,5,276,chaperone
193499at2759,5005347at2759,CPR1,5,276,chaperone
193499at2759,4916573at2759,CPR1,5,276,chaperone
193499at2759,787276at2759,CPR1,5,276,chaperone
193499at2759,4937225at2759,CPR1,5,276,chaperone
193499at2759,4763503at2759,CPR1,5,276,chaperone
193499at2759,5003331at2759,CPR1,5,276,chaperone
193499at2759,1436987at2759,CPR1,5,276,chaperone
193499at2759,5023756at2759,CPR1,5,276,chaperone
193499at2759,756042at2759,CPR1,5,276,chaperone
193499at2759,4808924at2759,CPR1,5,276,chaperone
193499at2759,615847at2759,CPR1,5,276,chaperone
193499at2759,4937134at2759,CPR1,5,276,chaperone
193499at2759,5018781at2759,CPR1,5,276,chaperone
193499at2759,4891954at2759,CPR1,5,276,chaperone
193499at2759,4844194at2759,CPR1,5,276,chaperone
193499at2759,761003at2759,CPR1,5,276,chaperone
1937912at2759,4993086at2759,KAT2B,2,41,Unclassified
1937912at2759,65689at2759,KAT2B,2,41,Unclassified
193931at2759,748044at2759,Prkaa2,14,333,protein modifying enzyme
193931at2759,4808632at2759,Prkaa2,14,333,protein modifying enzyme
193931at2759,4925430at2759,Prkaa2,14,333,protein modifying enzyme
193931at2759,4931649at2759,Prkaa2,14,333,protein modifying enzyme
193931at2759,3497239at2759,Prkaa2,14,333,protein modifying enzyme
193931at2759,4818030at2759,Prkaa2,14,333,protein modifying enzyme
193931at2759,782650at2759,Prkaa2,14,333,protein modifying enzyme
193931at2759,4821519at2759,Prkaa2,14,333,protein modifying enzyme
193931at2759,587115at2759,Prkaa2,14,333,protein modifying enzyme
193931at2759,4917280at2759,Prkaa2,14,333,protein modifying enzyme
193931at2759,4909240at2759,Prkaa2,14,333,protein modifying enzyme
193931at2759,4765643at2759,Prkaa2,14,333,protein modifying enzyme
193931at2759,4807767at2759,Prkaa2,14,333,protein modifying enzyme
193931at2759,4933839at2759,Prkaa2,14,333,protein modifying enzyme
193931at2759,304220at2759,Prkaa2,14,333,protein modifying enzyme
193931at2759,4285417at2759,Prkaa2,14,333,protein modifying enzyme
193931at2759,4922127at2759,Prkaa2,14,333,protein modifying enzyme
193931at2759,4887729at2759,Prkaa2,14,333,protein modifying enzyme
193931at2759,761140at2759,Prkaa2,14,333,protein modifying enzyme
193931at2759,4764467at2759,Prkaa2,14,333,protein modifying enzyme
193931at2759,796050at2759,Prkaa2,14,333,protein modifying enzyme
193931at2759,4659845at2759,Prkaa2,14,333,protein modifying enzyme
193931at2759,305118at2759,Prkaa2,14,333,protein modifying enzyme
193931at2759,4916991at2759,Prkaa2,14,333,protein modifying enzyme
193931at2759,5016912at2759,Prkaa2,14,333,protein modifying enzyme
193931at2759,770869at2759,Prkaa2,14,333,protein modifying enzyme
193931at2759,743596at2759,Prkaa2,14,333,protein modifying enzyme
193931at2759,3351618at2759,Prkaa2,14,333,protein modifying enzyme
193931at2759,4810326at2759,Prkaa2,14,333,protein modifying enzyme
193931at2759,4750184at2759,Prkaa2,14,333,protein modifying enzyme
193931at2759,4928585at2759,Prkaa2,14,333,protein modifying enzyme
193931at2759,760470at2759,Prkaa2,14,333,protein modifying enzyme
193931at2759,4806104at2759,Prkaa2,14,333,protein modifying enzyme
193931at2759,4931273at2759,Prkaa2,14,333,protein modifying enzyme
193931at2759,4661922at2759,Prkaa2,14,333,protein modifying enzyme
193931at2759,4926814at2759,Prkaa2,14,333,protein modifying enzyme
193931at2759,719850at2759,Prkaa2,14,333,protein modifying enzyme
193931at2759,4814179at2759,Prkaa2,14,333,protein modifying enzyme
193931at2759,2748256at2759,Prkaa2,14,333,protein modifying enzyme
193931at2759,5025358at2759,Prkaa2,14,333,protein modifying enzyme
193931at2759,2688013at2759,Prkaa2,14,333,protein modifying enzyme
193931at2759,4948138at2759,Prkaa2,14,333,protein modifying enzyme
193931at2759,266465at2759,Prkaa2,14,333,protein modifying enzyme
193931at2759,413115at2759,Prkaa2,14,333,protein modifying enzyme
193931at2759,705319at2759,Prkaa2,14,333,protein modifying enzyme
193931at2759,530661at2759,Prkaa2,14,333,protein modifying enzyme
193931at2759,4284897at2759,Prkaa2,14,333,protein modifying enzyme
193931at2759,793319at2759,Prkaa2,14,333,protein modifying enzyme
193931at2759,4803982at2759,Prkaa2,14,333,protein modifying enzyme
193931at2759,5000663at2759,Prkaa2,14,333,protein modifying enzyme
193931at2759,5016338at2759,Prkaa2,14,333,protein modifying enzyme
193931at2759,4973454at2759,Prkaa2,14,333,protein modifying enzyme
193931at2759,4926175at2759,Prkaa2,14,333,protein modifying enzyme
193931at2759,4880177at2759,Prkaa2,14,333,protein modifying enzyme
193931at2759,4929890at2759,Prkaa2,14,333,protein modifying enzyme
193931at2759,144416at2759,Prkaa2,14,333,protein modifying enzyme
193931at2759,4312817at2759,Prkaa2,14,333,protein modifying enzyme
193931at2759,5003890at2759,Prkaa2,14,333,protein modifying enzyme
193931at2759,4128029at2759,Prkaa2,14,333,protein modifying enzyme
193931at2759,4929260at2759,Prkaa2,14,333,protein modifying enzyme
193931at2759,4784394at2759,Prkaa2,14,333,protein modifying enzyme
196131at2759,646994at2759,PRP28,13,317,RNA metabolism
196131at2759,4940884at2759,PRP28,13,317,RNA metabolism
196131at2759,4892856at2759,PRP28,13,317,RNA metabolism
196131at2759,711441at2759,PRP28,13,317,RNA metabolism
196131at2759,5016609at2759,PRP28,13,317,RNA metabolism
196131at2759,4752297at2759,PRP28,13,317,RNA metabolism
196131at2759,2639712at2759,PRP28,13,317,RNA metabolism
196131at2759,531716at2759,PRP28,13,317,RNA metabolism
196131at2759,807977at2759,PRP28,13,317,RNA metabolism
196131at2759,810877at2759,PRP28,13,317,RNA metabolism
196131at2759,804788at2759,PRP28,13,317,RNA metabolism
196131at2759,2722126at2759,PRP28,13,317,RNA metabolism
196131at2759,4314409at2759,PRP28,13,317,RNA metabolism
196131at2759,5003842at2759,PRP28,13,317,RNA metabolism
196131at2759,456302at2759,PRP28,13,317,RNA metabolism
196131at2759,364427at2759,PRP28,13,317,RNA metabolism
196131at2759,5017598at2759,PRP28,13,317,RNA metabolism
196131at2759,531780at2759,PRP28,13,317,RNA metabolism
196131at2759,4908589at2759,PRP28,13,317,RNA metabolism
196131at2759,5004098at2759,PRP28,13,317,RNA metabolism
196131at2759,5017139at2759,PRP28,13,317,RNA metabolism
196131at2759,5005725at2759,PRP28,13,317,RNA metabolism
196131at2759,319577at2759,PRP28,13,317,RNA metabolism
196131at2759,4988636at2759,PRP28,13,317,RNA metabolism
196131at2759,4837600at2759,PRP28,13,317,RNA metabolism
197206at2759,2606508at2759,AIMP1,6,71,translational protein
197206at2759,5014513at2759,AIMP1,6,71,translational protein
197206at2759,4813760at2759,AIMP1,6,71,translational protein
197206at2759,632796at2759,AIMP1,6,71,translational protein
197206at2759,501596at2759,AIMP1,6,71,translational protein
197206at2759,4831809at2759,AIMP1,6,71,translational protein
197206at2759,806271at2759,AIMP1,6,71,translational protein
197206at2759,4914062at2759,AIMP1,6,71,translational protein
2011769at2759,4819201at2759,SAR1,18,345,protein-binding activity modulator
2011769at2759,591048at2759,SAR1,18,345,protein-binding activity modulator
2011769at2759,4980760at2759,SAR1,18,345,protein-binding activity modulator
2011769at2759,231445at2759,SAR1,18,345,protein-binding activity modulator
2011769at2759,4805182at2759,SAR1,18,345,protein-binding activity modulator
2011769at2759,622277at2759,SAR1,18,345,protein-binding activity modulator
2011769at2759,4942535at2759,SAR1,18,345,protein-binding activity modulator
2011769at2759,3393956at2759,SAR1,18,345,protein-binding activity modulator
2011769at2759,454606at2759,SAR1,18,345,protein-binding activity modulator
2011769at2759,4882316at2759,SAR1,18,345,protein-binding activity modulator
2011769at2759,4969022at2759,SAR1,18,345,protein-binding activity modulator
2011769at2759,807140at2759,SAR1,18,345,protein-binding activity modulator
2011769at2759,1936121at2759,SAR1,18,345,protein-binding activity modulator
2011769at2759,1979678at2759,SAR1,18,345,protein-binding activity modulator
2011769at2759,4939063at2759,SAR1,18,345,protein-binding activity modulator
2011769at2759,4891113at2759,SAR1,18,345,protein-binding activity modulator
2011769at2759,4924983at2759,SAR1,18,345,protein-binding activity modulator
2011769at2759,4836814at2759,SAR1,18,345,protein-binding activity modulator
2011769at2759,4911954at2759,SAR1,18,345,protein-binding activity modulator
2011769at2759,4808663at2759,SAR1,18,345,protein-binding activity modulator
2011769at2759,4327301at2759,SAR1,18,345,protein-binding activity modulator
2011769at2759,4920974at2759,SAR1,18,345,protein-binding activity modulator
206088at2759,4844068at2759,LIG3,3,74,DNA metabolism
206088at2759,3119832at2759,LIG3,3,74,DNA metabolism
206088at2759,4809030at2759,LIG3,3,74,DNA metabolism
206088at2759,4926837at2759,LIG3,3,74,DNA metabolism
206088at2759,4638319at2759,LIG3,3,74,DNA metabolism
206088at2759,2700672at2759,LIG3,3,74,DNA metabolism
206088at2759,794832at2759,LIG3,3,74,DNA metabolism
2110130at2759,5010609at2759,GCN20,3,190,translational protein
2110130at2759,4841129at2759,GCN20,3,190,translational protein
2110130at2759,2700732at2759,GCN20,3,190,translational protein
2110130at2759,4971892at2759,GCN20,3,190,translational protein
2110130at2759,5010211at2759,GCN20,3,190,translational protein
2110130at2759,5016169at2759,GCN20,3,190,translational protein
2110130at2759,4811060at2759,GCN20,3,190,translational protein
2110130at2759,4969551at2759,GCN20,3,190,translational protein
2110130at2759,747658at2759,GCN20,3,190,translational protein
2110130at2759,5020976at2759,GCN20,3,190,translational protein
2110130at2759,5001070at2759,GCN20,3,190,translational protein
2110130at2759,2458370at2759,GCN20,3,190,translational protein
2110130at2759,335501at2759,GCN20,3,190,translational protein
2110130at2759,2679497at2759,GCN20,3,190,translational protein
2110130at2759,2459754at2759,GCN20,3,190,translational protein
2110130at2759,702658at2759,GCN20,3,190,translational protein
2110130at2759,4819413at2759,GCN20,3,190,translational protein
2110130at2759,801401at2759,GCN20,3,190,translational protein
2110130at2759,2971755at2759,GCN20,3,190,translational protein
21243at2759,2777260at2759,KARS1,1,72,translational protein
21243at2759,4845378at2759,KARS1,1,72,translational protein
21243at2759,5023593at2759,KARS1,1,72,translational protein
21243at2759,5020212at2759,KARS1,1,72,translational protein
21243at2759,4888141at2759,KARS1,1,72,translational protein
21243at2759,5019965at2759,KARS1,1,72,translational protein
21243at2759,4895814at2759,KARS1,1,72,translational protein
2127950at2759,4262841at2759,TBP,3,66,RNA metabolism
2127950at2759,4971937at2759,TBP,3,66,RNA metabolism
2127950at2759,3204960at2759,TBP,3,66,RNA metabolism
2127950at2759,3199917at2759,TBP,3,66,RNA metabolism
2127950at2759,225537at2759,TBP,3,66,RNA metabolism
2127950at2759,3407254at2759,TBP,3,66,RNA metabolism
2127950at2759,4929964at2759,TBP,3,66,RNA metabolism
2127950at2759,4100224at2759,TBP,3,66,RNA metabolism
2143914at2759,225139at2759,Myb,5,716,gene-specific transcriptional regulator
2143914at2759,447116at2759,Myb,5,716,gene-specific transcriptional regulator
2143914at2759,647042at2759,Myb,5,716,gene-specific transcriptional regulator
2143914at2759,564026at2759,Myb,5,716,gene-specific transcriptional regulator
2143914at2759,608784at2759,Myb,5,716,gene-specific transcriptional regulator
2143914at2759,4844226at2759,Myb,5,716,gene-specific transcriptional regulator
2143914at2759,4868214at2759,Myb,5,716,gene-specific transcriptional regulator
2143914at2759,180126at2759,Myb,5,716,gene-specific transcriptional regulator
2143914at2759,5001581at2759,Myb,5,716,gene-specific transcriptional regulator
2143914at2759,678435at2759,Myb,5,716,gene-specific transcriptional regulator
2143914at2759,2639193at2759,Myb,5,716,gene-specific transcriptional regulator
2143914at2759,4924394at2759,Myb,5,716,gene-specific transcriptional regulator
2143914at2759,122330at2759,Myb,5,716,gene-specific transcriptional regulator
2143914at2759,477517at2759,Myb,5,716,gene-specific transcriptional regulator
2143914at2759,4938265at2759,Myb,5,716,gene-specific transcriptional regulator
2143914at2759,630373at2759,Myb,5,716,gene-specific transcriptional regulator
2143914at2759,724557at2759,Myb,5,716,gene-specific transcriptional regulator
2143914at2759,258205at2759,Myb,5,716,gene-specific transcriptional regulator
2143914at2759,300105at2759,Myb,5,716,gene-specific transcriptional regulator
2143914at2759,3499294at2759,Myb,5,716,gene-specific transcriptional regulator
2143914at2759,675888at2759,Myb,5,716,gene-specific transcriptional regulator
2143914at2759,645834at2759,Myb,5,716,gene-specific transcriptional regulator
2143914at2759,324988at2759,Myb,5,716,gene-specific transcriptional regulator
2143914at2759,662339at2759,Myb,5,716,gene-specific transcriptional regulator
2143914at2759,163806at2759,Myb,5,716,gene-specific transcriptional regulator
2143914at2759,4936968at2759,Myb,5,716,gene-specific transcriptional regulator
2143914at2759,4777619at2759,Myb,5,716,gene-specific transcriptional regulator
2143914at2759,4781451at2759,Myb,5,716,gene-specific transcriptional regulator
2143914at2759,4938785at2759,Myb,5,716,gene-specific transcriptional regulator
2143914at2759,682648at2759,Myb,5,716,gene-specific transcriptional regulator
2143914at2759,4917776at2759,Myb,5,716,gene-specific transcriptional regulator
2143914at2759,4928032at2759,Myb,5,716,gene-specific transcriptional regulator
2143914at2759,4935362at2759,Myb,5,716,gene-specific transcriptional regulator
2143914at2759,538786at2759,Myb,5,716,gene-specific transcriptional regulator
2143914at2759,669856at2759,Myb,5,716,gene-specific transcriptional regulator
2143914at2759,769638at2759,Myb,5,716,gene-specific transcriptional regulator
2143914at2759,4934290at2759,Myb,5,716,gene-specific transcriptional regulator
2143914at2759,4919028at2759,Myb,5,716,gene-specific transcriptional regulator
2143914at2759,89261at2759,Myb,5,716,gene-specific transcriptional regulator
2143914at2759,4941397at2759,Myb,5,716,gene-specific transcriptional regulator
2143914at2759,753474at2759,Myb,5,716,gene-specific transcriptional regulator
2143914at2759,4883001at2759,Myb,5,716,gene-specific transcriptional regulator
2143914at2759,527827at2759,Myb,5,716,gene-specific transcriptional regulator
2143914at2759,368372at2759,Myb,5,716,gene-specific transcriptional regulator
2143914at2759,661723at2759,Myb,5,716,gene-specific transcriptional regulator
2143914at2759,4942352at2759,Myb,5,716,gene-specific transcriptional regulator
2143914at2759,31124at2759,Myb,5,716,gene-specific transcriptional regulator
2143914at2759,280306at2759,Myb,5,716,gene-specific transcriptional regulator
2143914at2759,587298at2759,Myb,5,716,gene-specific transcriptional regulator
2143914at2759,781738at2759,Myb,5,716,gene-specific transcriptional regulator
2143914at2759,4917252at2759,Myb,5,716,gene-specific transcriptional regulator
2143914at2759,4936992at2759,Myb,5,716,gene-specific transcriptional regulator
2143914at2759,2587905at2759,Myb,5,716,gene-specific transcriptional regulator
2143914at2759,62565at2759,Myb,5,716,gene-specific transcriptional regulator
2143914at2759,771911at2759,Myb,5,716,gene-specific transcriptional regulator
2143914at2759,724238at2759,Myb,5,716,gene-specific transcriptional regulator
2143914at2759,697888at2759,Myb,5,716,gene-specific transcriptional regulator
2143914at2759,4937642at2759,Myb,5,716,gene-specific transcriptional regulator
2143914at2759,4936732at2759,Myb,5,716,gene-specific transcriptional regulator
2143914at2759,259171at2759,Myb,5,716,gene-specific transcriptional regulator
2143914at2759,185190at2759,Myb,5,716,gene-specific transcriptional regulator
2143914at2759,684255at2759,Myb,5,716,gene-specific transcriptional regulator
2143914at2759,772969at2759,Myb,5,716,gene-specific transcriptional regulator
2143914at2759,71596at2759,Myb,5,716,gene-specific transcriptional regulator
2143914at2759,610643at2759,Myb,5,716,gene-specific transcriptional regulator
2143914at2759,285691at2759,Myb,5,716,gene-specific transcriptional regulator
2143914at2759,614757at2759,Myb,5,716,gene-specific transcriptional regulator
2143914at2759,311215at2759,Myb,5,716,gene-specific transcriptional regulator
2143914at2759,1673738at2759,Myb,5,716,gene-specific transcriptional regulator
2143914at2759,218401at2759,Myb,5,716,gene-specific transcriptional regulator
2143914at2759,320559at2759,Myb,5,716,gene-specific transcriptional regulator
2143914at2759,229208at2759,Myb,5,716,gene-specific transcriptional regulator
2143914at2759,4925267at2759,Myb,5,716,gene-specific transcriptional regulator
2143914at2759,4930310at2759,Myb,5,716,gene-specific transcriptional regulator
2143914at2759,4922562at2759,Myb,5,716,gene-specific transcriptional regulator
2143914at2759,498963at2759,Myb,5,716,gene-specific transcriptional regulator
2143914at2759,4924712at2759,Myb,5,716,gene-specific transcriptional regulator
2143914at2759,4920090at2759,Myb,5,716,gene-specific transcriptional regulator
2143914at2759,4930812at2759,Myb,5,716,gene-specific transcriptional regulator
2143914at2759,156951at2759,Myb,5,716,gene-specific transcriptional regulator
2143914at2759,4948125at2759,Myb,5,716,gene-specific transcriptional regulator
2143914at2759,424260at2759,Myb,5,716,gene-specific transcriptional regulator
2143914at2759,396232at2759,Myb,5,716,gene-specific transcriptional regulator
2143914at2759,254288at2759,Myb,5,716,gene-specific transcriptional regulator
2143914at2759,62924at2759,Myb,5,716,gene-specific transcriptional regulator
2143914at2759,550476at2759,Myb,5,716,gene-specific transcriptional regulator
2143914at2759,771691at2759,Myb,5,716,gene-specific transcriptional regulator
2143914at2759,4935444at2759,Myb,5,716,gene-specific transcriptional regulator
2143914at2759,88586at2759,Myb,5,716,gene-specific transcriptional regulator
2143914at2759,759463at2759,Myb,5,716,gene-specific transcriptional regulator
2143914at2759,4925842at2759,Myb,5,716,gene-specific transcriptional regulator
2143914at2759,4942728at2759,Myb,5,716,gene-specific transcriptional regulator
2143914at2759,803865at2759,Myb,5,716,gene-specific transcriptional regulator
2143914at2759,215756at2759,Myb,5,716,gene-specific transcriptional regulator
2143914at2759,229089at2759,Myb,5,716,gene-specific transcriptional regulator
2143914at2759,2500407at2759,Myb,5,716,gene-specific transcriptional regulator
2143914at2759,4918651at2759,Myb,5,716,gene-specific transcriptional regulator
2143914at2759,196530at2759,Myb,5,716,gene-specific transcriptional regulator
2143914at2759,215668at2759,Myb,5,716,gene-specific transcriptional regulator
2143914at2759,94817at2759,Myb,5,716,gene-specific transcriptional regulator
2143914at2759,324989at2759,Myb,5,716,gene-specific transcriptional regulator
2143914at2759,304095at2759,Myb,5,716,gene-specific transcriptional regulator
2143914at2759,4933862at2759,Myb,5,716,gene-specific transcriptional regulator
2143914at2759,773417at2759,Myb,5,716,gene-specific transcriptional regulator
2143914at2759,299242at2759,Myb,5,716,gene-specific transcriptional regulator
2143914at2759,2294539at2759,Myb,5,716,gene-specific transcriptional regulator
2143914at2759,74578at2759,Myb,5,716,gene-specific transcriptional regulator
2143914at2759,669249at2759,Myb,5,716,gene-specific transcriptional regulator
2143914at2759,1714933at2759,Myb,5,716,gene-specific transcriptional regulator
2143914at2759,4939537at2759,Myb,5,716,gene-specific transcriptional regulator
2143914at2759,459971at2759,Myb,5,716,gene-specific transcriptional regulator
2143914at2759,4920968at2759,Myb,5,716,gene-specific transcriptional regulator
2143914at2759,294096at2759,Myb,5,716,gene-specific transcriptional regulator
2143914at2759,1930650at2759,Myb,5,716,gene-specific transcriptional regulator
2143914at2759,4923844at2759,Myb,5,716,gene-specific transcriptional regulator
2143914at2759,175695at2759,Myb,5,716,gene-specific transcriptional regulator
2143914at2759,4941293at2759,Myb,5,716,gene-specific transcriptional regulator
2143914at2759,4938831at2759,Myb,5,716,gene-specific transcriptional regulator
2143914at2759,290744at2759,Myb,5,716,gene-specific transcriptional regulator
2143914at2759,79349at2759,Myb,5,716,gene-specific transcriptional regulator
2143914at2759,599995at2759,Myb,5,716,gene-specific transcriptional regulator
2143914at2759,4918625at2759,Myb,5,716,gene-specific transcriptional regulator
2143914at2759,665612at2759,Myb,5,716,gene-specific transcriptional regulator
2143914at2759,2661984at2759,Myb,5,716,gene-specific transcriptional regulator
2143914at2759,159035at2759,Myb,5,716,gene-specific transcriptional regulator
2143914at2759,128776at2759,Myb,5,716,gene-specific transcriptional regulator
2143914at2759,410069at2759,Myb,5,716,gene-specific transcriptional regulator
2143914at2759,58205at2759,Myb,5,716,gene-specific transcriptional regulator
2143914at2759,4930237at2759,Myb,5,716,gene-specific transcriptional regulator
2143914at2759,219094at2759,Myb,5,716,gene-specific transcriptional regulator
2143914at2759,447397at2759,Myb,5,716,gene-specific transcriptional regulator
2143914at2759,4938292at2759,Myb,5,716,gene-specific transcriptional regulator
2143914at2759,780260at2759,Myb,5,716,gene-specific transcriptional regulator
2143914at2759,274504at2759,Myb,5,716,gene-specific transcriptional regulator
2143914at2759,612507at2759,Myb,5,716,gene-specific transcriptional regulator
2143914at2759,409489at2759,Myb,5,716,gene-specific transcriptional regulator
2143914at2759,4936467at2759,Myb,5,716,gene-specific transcriptional regulator
2143914at2759,324754at2759,Myb,5,716,gene-specific transcriptional regulator
2143914at2759,4927847at2759,Myb,5,716,gene-specific transcriptional regulator
2143914at2759,2572883at2759,Myb,5,716,gene-specific transcriptional regulator
2143914at2759,437185at2759,Myb,5,716,gene-specific transcriptional regulator
2143914at2759,4924693at2759,Myb,5,716,gene-specific transcriptional regulator
2143914at2759,4894161at2759,Myb,5,716,gene-specific transcriptional regulator
2143914at2759,1933197at2759,Myb,5,716,gene-specific transcriptional regulator
2143914at2759,4931367at2759,Myb,5,716,gene-specific transcriptional regulator
2143914at2759,684944at2759,Myb,5,716,gene-specific transcriptional regulator
2143914at2759,4943345at2759,Myb,5,716,gene-specific transcriptional regulator
2143914at2759,398928at2759,Myb,5,716,gene-specific transcriptional regulator
2143914at2759,629432at2759,Myb,5,716,gene-specific transcriptional regulator
2143914at2759,4937071at2759,Myb,5,716,gene-specific transcriptional regulator
2143914at2759,4948921at2759,Myb,5,716,gene-specific transcriptional regulator
2143914at2759,328523at2759,Myb,5,716,gene-specific transcriptional regulator
2143914at2759,427136at2759,Myb,5,716,gene-specific transcriptional regulator
2143914at2759,320956at2759,Myb,5,716,gene-specific transcriptional regulator
2143914at2759,4932002at2759,Myb,5,716,gene-specific transcriptional regulator
2143914at2759,2720639at2759,Myb,5,716,gene-specific transcriptional regulator
2143914at2759,4932629at2759,Myb,5,716,gene-specific transcriptional regulator
2143914at2759,203765at2759,Myb,5,716,gene-specific transcriptional regulator
21449at2759,4423884at2759,BAZ2A,7,178,gene-specific transcriptional regulator
21449at2759,746734at2759,BAZ2A,7,178,gene-specific transcriptional regulator
21449at2759,4844442at2759,BAZ2A,7,178,gene-specific transcriptional regulator
21449at2759,669756at2759,BAZ2A,7,178,gene-specific transcriptional regulator
21449at2759,4900297at2759,BAZ2A,7,178,gene-specific transcriptional regulator
21449at2759,4845259at2759,BAZ2A,7,178,gene-specific transcriptional regulator
21449at2759,4845817at2759,BAZ2A,7,178,gene-specific transcriptional regulator
21449at2759,4696242at2759,BAZ2A,7,178,gene-specific transcriptional regulator
21449at2759,3957329at2759,BAZ2A,7,178,gene-specific transcriptional regulator
21449at2759,1820927at2759,BAZ2A,7,178,gene-specific transcriptional regulator
21449at2759,4930558at2759,BAZ2A,7,178,gene-specific transcriptional regulator
21449at2759,2617674at2759,BAZ2A,7,178,gene-specific transcriptional regulator
21449at2759,442487at2759,BAZ2A,7,178,gene-specific transcriptional regulator
21449at2759,4747906at2759,BAZ2A,7,178,gene-specific transcriptional regulator
21449at2759,5005739at2759,BAZ2A,7,178,gene-specific transcriptional regulator
21449at2759,4583382at2759,BAZ2A,7,178,gene-specific transcriptional regulator
21449at2759,4888235at2759,BAZ2A,7,178,gene-specific transcriptional regulator
21449at2759,2702485at2759,BAZ2A,7,178,gene-specific transcriptional regulator
21449at2759,4886842at2759,BAZ2A,7,178,gene-specific transcriptional regulator
21449at2759,3507221at2759,BAZ2A,7,178,gene-specific transcriptional regulator
21449at2759,4946785at2759,BAZ2A,7,178,gene-specific transcriptional regulator
21449at2759,4889099at2759,BAZ2A,7,178,gene-specific transcriptional regulator
21449at2759,331425at2759,BAZ2A,7,178,gene-specific transcriptional regulator
21449at2759,665892at2759,BAZ2A,7,178,gene-specific transcriptional regulator
21449at2759,4780578at2759,BAZ2A,7,178,gene-specific transcriptional regulator
21449at2759,550904at2759,BAZ2A,7,178,gene-specific transcriptional regulator
21449at2759,644759at2759,BAZ2A,7,178,gene-specific transcriptional regulator
21449at2759,4816049at2759,BAZ2A,7,178,gene-specific transcriptional regulator
21449at2759,5019471at2759,BAZ2A,7,178,gene-specific transcriptional regulator
21449at2759,5020639at2759,BAZ2A,7,178,gene-specific transcriptional regulator
21449at2759,4949984at2759,BAZ2A,7,178,gene-specific transcriptional regulator
21449at2759,763239at2759,BAZ2A,7,178,gene-specific transcriptional regulator
21449at2759,5003434at2759,BAZ2A,7,178,gene-specific transcriptional regulator
21449at2759,4847569at2759,BAZ2A,7,178,gene-specific transcriptional regulator
21449at2759,4254721at2759,BAZ2A,7,178,gene-specific transcriptional regulator
21449at2759,2684494at2759,BAZ2A,7,178,gene-specific transcriptional regulator
21449at2759,2500160at2759,BAZ2A,7,178,gene-specific transcriptional regulator
21449at2759,4282667at2759,BAZ2A,7,178,gene-specific transcriptional regulator
21449at2759,4819404at2759,BAZ2A,7,178,gene-specific transcriptional regulator
21449at2759,4909403at2759,BAZ2A,7,178,gene-specific transcriptional regulator
21449at2759,3297393at2759,BAZ2A,7,178,gene-specific transcriptional regulator
21449at2759,4814090at2759,BAZ2A,7,178,gene-specific transcriptional regulator
21449at2759,108957at2759,BAZ2A,7,178,gene-specific transcriptional regulator
21449at2759,4935923at2759,BAZ2A,7,178,gene-specific transcriptional regulator
21449at2759,230709at2759,BAZ2A,7,178,gene-specific transcriptional regulator
21449at2759,4896010at2759,BAZ2A,7,178,gene-specific transcriptional regulator
21449at2759,4816180at2759,BAZ2A,7,178,gene-specific transcriptional regulator
21449at2759,795434at2759,BAZ2A,7,178,gene-specific transcriptional regulator
21449at2759,4888021at2759,BAZ2A,7,178,gene-specific transcriptional regulator
21449at2759,1725113at2759,BAZ2A,7,178,gene-specific transcriptional regulator
21449at2759,101578at2759,BAZ2A,7,178,gene-specific transcriptional regulator
21449at2759,765191at2759,BAZ2A,7,178,gene-specific transcriptional regulator
21449at2759,611600at2759,BAZ2A,7,178,gene-specific transcriptional regulator
21449at2759,3631218at2759,BAZ2A,7,178,gene-specific transcriptional regulator
21449at2759,2748479at2759,BAZ2A,7,178,gene-specific transcriptional regulator
21449at2759,767293at2759,BAZ2A,7,178,gene-specific transcriptional regulator
21449at2759,2578435at2759,BAZ2A,7,178,gene-specific transcriptional regulator
21449at2759,768825at2759,BAZ2A,7,178,gene-specific transcriptional regulator
2187549at2759,5012998at2759,TRMT112,1,38,Unclassified
2250022at2759,5006138at2759,MTOR,2,92,Unclassified
2250022at2759,4845692at2759,MTOR,2,92,Unclassified
2250022at2759,4901727at2759,MTOR,2,92,Unclassified
2250022at2759,790441at2759,MTOR,2,92,Unclassified
2250022at2759,4971847at2759,MTOR,2,92,Unclassified
2250022at2759,724278at2759,MTOR,2,92,Unclassified
2250022at2759,10153at2759,MTOR,2,92,Unclassified
2250022at2759,1202693at2759,MTOR,2,92,Unclassified
2250022at2759,558200at2759,MTOR,2,92,Unclassified
2250022at2759,2479505at2759,MTOR,2,92,Unclassified
2357150at2759,5015957at2759,Nup358,2,49,scaffold/adaptor protein
2357150at2759,4227510at2759,Nup358,2,49,scaffold/adaptor protein
2357150at2759,4699144at2759,Nup358,2,49,scaffold/adaptor protein
2357150at2759,4782596at2759,Nup358,2,49,scaffold/adaptor protein
2357150at2759,2711825at2759,Nup358,2,49,scaffold/adaptor protein
238316at2759,2557387at2759,FARSA,2,36,translational protein
2401965at2759,4914091at2759,HSPA9,10,200,chaperone
2401965at2759,414427at2759,HSPA9,10,200,chaperone
2401965at2759,5013265at2759,HSPA9,10,200,chaperone
2401965at2759,2650521at2759,HSPA9,10,200,chaperone
2401965at2759,789770at2759,HSPA9,10,200,chaperone
2401965at2759,3441545at2759,HSPA9,10,200,chaperone
2401965at2759,4841602at2759,HSPA9,10,200,chaperone
2401965at2759,4841796at2759,HSPA9,10,200,chaperone
2401965at2759,4265487at2759,HSPA9,10,200,chaperone
2401965at2759,4682524at2759,HSPA9,10,200,chaperone
2401965at2759,4852697at2759,HSPA9,10,200,chaperone
2401965at2759,800765at2759,HSPA9,10,200,chaperone
2401965at2759,1983083at2759,HSPA9,10,200,chaperone
2401965at2759,4851950at2759,HSPA9,10,200,chaperone
2401965at2759,4811844at2759,HSPA9,10,200,chaperone
2401965at2759,4846973at2759,HSPA9,10,200,chaperone
2401965at2759,4511100at2759,HSPA9,10,200,chaperone
2401965at2759,2336347at2759,HSPA9,10,200,chaperone
2401965at2759,4982407at2759,HSPA9,10,200,chaperone
2401965at2759,303574at2759,HSPA9,10,200,chaperone
2401965at2759,4808162at2759,HSPA9,10,200,chaperone
2401965at2759,2900798at2759,HSPA9,10,200,chaperone
2401965at2759,666045at2759,HSPA9,10,200,chaperone
2401965at2759,4801765at2759,HSPA9,10,200,chaperone
240298at2759,805052at2759,DNAJC19,2,41,Unclassified
2414538at2759,4779887at2759,PolD1,4,92,DNA metabolism
2414538at2759,770235at2759,PolD1,4,92,DNA metabolism
2414538at2759,5005996at2759,PolD1,4,92,DNA metabolism
2414538at2759,2627189at2759,PolD1,4,92,DNA metabolism
2414538at2759,5001299at2759,PolD1,4,92,DNA metabolism
2414538at2759,1980186at2759,PolD1,4,92,DNA metabolism
2414538at2759,4941752at2759,PolD1,4,92,DNA metabolism
2414538at2759,4686054at2759,PolD1,4,92,DNA metabolism
2414538at2759,764579at2759,PolD1,4,92,DNA metabolism
2414538at2759,2747355at2759,PolD1,4,92,DNA metabolism
2414538at2759,4962210at2759,PolD1,4,92,DNA metabolism
2415936at2759,4887711at2759,GID8,2,56,scaffold/adaptor protein
2415936at2759,751650at2759,GID8,2,56,scaffold/adaptor protein
2415936at2759,772210at2759,GID8,2,56,scaffold/adaptor protein
2415936at2759,3751567at2759,GID8,2,56,scaffold/adaptor protein
2415936at2759,586060at2759,GID8,2,56,scaffold/adaptor protein
2415936at2759,5007156at2759,GID8,2,56,scaffold/adaptor protein
2415936at2759,325550at2759,GID8,2,56,scaffold/adaptor protein
2415936at2759,2735873at2759,GID8,2,56,scaffold/adaptor protein
2415936at2759,549971at2759,GID8,2,56,scaffold/adaptor protein
2423701at2759,5018796at2759,sti,4,163,Unclassified
2423701at2759,168639at2759,sti,4,163,Unclassified
2423701at2759,4814254at2759,sti,4,163,Unclassified
2423701at2759,2646147at2759,sti,4,163,Unclassified
2423701at2759,2558009at2759,sti,4,163,Unclassified
2423701at2759,4971501at2759,sti,4,163,Unclassified
2423701at2759,4601163at2759,sti,4,163,Unclassified
2423701at2759,5020375at2759,sti,4,163,Unclassified
2423701at2759,770050at2759,sti,4,163,Unclassified
2423701at2759,2683803at2759,sti,4,163,Unclassified
2423701at2759,4819021at2759,sti,4,163,Unclassified
2423701at2759,4658174at2759,sti,4,163,Unclassified
2423701at2759,4946566at2759,sti,4,163,Unclassified
2423701at2759,4939713at2759,sti,4,163,Unclassified
2423701at2759,4840901at2759,sti,4,163,Unclassified
2423701at2759,4692818at2759,sti,4,163,Unclassified
2423701at2759,4930918at2759,sti,4,163,Unclassified
2423701at2759,5017884at2759,sti,4,163,Unclassified
2423701at2759,543503at2759,sti,4,163,Unclassified
2423701at2759,4784637at2759,sti,4,163,Unclassified
2423701at2759,758865at2759,sti,4,163,Unclassified
2423701at2759,282704at2759,sti,4,163,Unclassified
2423701at2759,5005190at2759,sti,4,163,Unclassified
2423701at2759,4932610at2759,sti,4,163,Unclassified
2423701at2759,4604031at2759,sti,4,163,Unclassified
2423701at2759,307303at2759,sti,4,163,Unclassified
2423701at2759,4891169at2759,sti,4,163,Unclassified
2423701at2759,188885at2759,sti,4,163,Unclassified
2423701at2759,4846556at2759,sti,4,163,Unclassified
2423701at2759,4761190at2759,sti,4,163,Unclassified
2423701at2759,765657at2759,sti,4,163,Unclassified
2423701at2759,4821007at2759,sti,4,163,Unclassified
2423701at2759,594388at2759,sti,4,163,Unclassified
2423701at2759,5019722at2759,sti,4,163,Unclassified
2423701at2759,5002316at2759,sti,4,163,Unclassified
2423701at2759,677768at2759,sti,4,163,Unclassified
2423701at2759,4838332at2759,sti,4,163,Unclassified
2423701at2759,4895370at2759,sti,4,163,Unclassified
2423701at2759,5017721at2759,sti,4,163,Unclassified
2423701at2759,793414at2759,sti,4,163,Unclassified
2423701at2759,4849598at2759,sti,4,163,Unclassified
2423701at2759,4543339at2759,sti,4,163,Unclassified
2423701at2759,4325928at2759,sti,4,163,Unclassified
2423701at2759,4458937at2759,sti,4,163,Unclassified
2423701at2759,4822322at2759,sti,4,163,Unclassified
2423701at2759,4769501at2759,sti,4,163,Unclassified
2423701at2759,4892455at2759,sti,4,163,Unclassified
2423701at2759,4823489at2759,sti,4,163,Unclassified
2423701at2759,695364at2759,sti,4,163,Unclassified
2423701at2759,4821388at2759,sti,4,163,Unclassified
2423701at2759,3496998at2759,sti,4,163,Unclassified
2423701at2759,4622724at2759,sti,4,163,Unclassified
246406at2759,4969061at2759,TRAPPC4,3,54,membrane traffic protein
246406at2759,749175at2759,TRAPPC4,3,54,membrane traffic protein
246406at2759,4917431at2759,TRAPPC4,3,54,membrane traffic protein
248779at2759,29202at2759,Polr2E,2,45,RNA metabolism
248779at2759,349193at2759,Polr2E,2,45,RNA metabolism
248923at2759,4888052at2759,CLA4,17,562,protein modifying enzyme
248923at2759,4941679at2759,CLA4,17,562,protein modifying enzyme
248923at2759,4770758at2759,CLA4,17,562,protein modifying enzyme
248923at2759,5016427at2759,CLA4,17,562,protein modifying enzyme
248923at2759,2597102at2759,CLA4,17,562,protein modifying enzyme
248923at2759,4890879at2759,CLA4,17,562,protein modifying enzyme
248923at2759,5014583at2759,CLA4,17,562,protein modifying enzyme
248923at2759,4605285at2759,CLA4,17,562,protein modifying enzyme
248923at2759,751748at2759,CLA4,17,562,protein modifying enzyme
248923at2759,4946073at2759,CLA4,17,562,protein modifying enzyme
248923at2759,2664682at2759,CLA4,17,562,protein modifying enzyme
248923at2759,4931876at2759,CLA4,17,562,protein modifying enzyme
248923at2759,4809837at2759,CLA4,17,562,protein modifying enzyme
248923at2759,4839471at2759,CLA4,17,562,protein modifying enzyme
248923at2759,4657136at2759,CLA4,17,562,protein modifying enzyme
248923at2759,4929596at2759,CLA4,17,562,protein modifying enzyme
248923at2759,5016760at2759,CLA4,17,562,protein modifying enzyme
248923at2759,4884693at2759,CLA4,17,562,protein modifying enzyme
248923at2759,5001640at2759,CLA4,17,562,protein modifying enzyme
248923at2759,2507244at2759,CLA4,17,562,protein modifying enzyme
248923at2759,4929380at2759,CLA4,17,562,protein modifying enzyme
248923at2759,4996519at2759,CLA4,17,562,protein modifying enzyme
248923at2759,4931556at2759,CLA4,17,562,protein modifying enzyme
248923at2759,4977034at2759,CLA4,17,562,protein modifying enzyme
248923at2759,643407at2759,CLA4,17,562,protein modifying enzyme
248923at2759,5016926at2759,CLA4,17,562,protein modifying enzyme
248923at2759,4947334at2759,CLA4,17,562,protein modifying enzyme
248923at2759,4930761at2759,CLA4,17,562,protein modifying enzyme
248923at2759,4974109at2759,CLA4,17,562,protein modifying enzyme
248923at2759,4920392at2759,CLA4,17,562,protein modifying enzyme
248923at2759,5018784at2759,CLA4,17,562,protein modifying enzyme
248923at2759,315652at2759,CLA4,17,562,protein modifying enzyme
248923at2759,598015at2759,CLA4,17,562,protein modifying enzyme
248923at2759,5016587at2759,CLA4,17,562,protein modifying enzyme
248923at2759,749915at2759,CLA4,17,562,protein modifying enzyme
248923at2759,4937848at2759,CLA4,17,562,protein modifying enzyme
248923at2759,4286823at2759,CLA4,17,562,protein modifying enzyme
248923at2759,5017379at2759,CLA4,17,562,protein modifying enzyme
248923at2759,804195at2759,CLA4,17,562,protein modifying enzyme
248923at2759,4920903at2759,CLA4,17,562,protein modifying enzyme
248923at2759,4972382at2759,CLA4,17,562,protein modifying enzyme
248923at2759,4815609at2759,CLA4,17,562,protein modifying enzyme
248923at2759,766449at2759,CLA4,17,562,protein modifying enzyme
248923at2759,5017313at2759,CLA4,17,562,protein modifying enzyme
248923at2759,768619at2759,CLA4,17,562,protein modifying enzyme
248923at2759,4681399at2759,CLA4,17,562,protein modifying enzyme
248923at2759,4947325at2759,CLA4,17,562,protein modifying enzyme
248923at2759,344595at2759,CLA4,17,562,protein modifying enzyme
248923at2759,4933115at2759,CLA4,17,562,protein modifying enzyme
248923at2759,4379699at2759,CLA4,17,562,protein modifying enzyme
248923at2759,4920694at2759,CLA4,17,562,protein modifying enzyme
248923at2759,4653471at2759,CLA4,17,562,protein modifying enzyme
248923at2759,4575956at2759,CLA4,17,562,protein modifying enzyme
248923at2759,3219661at2759,CLA4,17,562,protein modifying enzyme
248923at2759,4888757at2759,CLA4,17,562,protein modifying enzyme
248923at2759,4672522at2759,CLA4,17,562,protein modifying enzyme
248923at2759,4923169at2759,CLA4,17,562,protein modifying enzyme
248923at2759,4566465at2759,CLA4,17,562,protein modifying enzyme
248923at2759,4920409at2759,CLA4,17,562,protein modifying enzyme
248923at2759,5017622at2759,CLA4,17,562,protein modifying enzyme
248923at2759,5014701at2759,CLA4,17,562,protein modifying enzyme
248923at2759,5005547at2759,CLA4,17,562,protein modifying enzyme
248923at2759,4945568at2759,CLA4,17,562,protein modifying enzyme
248923at2759,4939084at2759,CLA4,17,562,protein modifying enzyme
248923at2759,767012at2759,CLA4,17,562,protein modifying enzyme
248923at2759,769616at2759,CLA4,17,562,protein modifying enzyme
248923at2759,2708233at2759,CLA4,17,562,protein modifying enzyme
248923at2759,4948345at2759,CLA4,17,562,protein modifying enzyme
248923at2759,4931839at2759,CLA4,17,562,protein modifying enzyme
248923at2759,4969703at2759,CLA4,17,562,protein modifying enzyme
248923at2759,759222at2759,CLA4,17,562,protein modifying enzyme
248923at2759,4936217at2759,CLA4,17,562,protein modifying enzyme
248923at2759,4930230at2759,CLA4,17,562,protein modifying enzyme
248923at2759,4756466at2759,CLA4,17,562,protein modifying enzyme
248923at2759,4924350at2759,CLA4,17,562,protein modifying enzyme
248923at2759,792000at2759,CLA4,17,562,protein modifying enzyme
248923at2759,4943015at2759,CLA4,17,562,protein modifying enzyme
248923at2759,4925002at2759,CLA4,17,562,protein modifying enzyme
248923at2759,3760207at2759,CLA4,17,562,protein modifying enzyme
248923at2759,4516404at2759,CLA4,17,562,protein modifying enzyme
248923at2759,4922568at2759,CLA4,17,562,protein modifying enzyme
248923at2759,767111at2759,CLA4,17,562,protein modifying enzyme
248923at2759,2350210at2759,CLA4,17,562,protein modifying enzyme
248923at2759,4920226at2759,CLA4,17,562,protein modifying enzyme
248923at2759,4922236at2759,CLA4,17,562,protein modifying enzyme
248923at2759,487090at2759,CLA4,17,562,protein modifying enzyme
248923at2759,5003578at2759,CLA4,17,562,protein modifying enzyme
248923at2759,4943032at2759,CLA4,17,562,protein modifying enzyme
248923at2759,5019780at2759,CLA4,17,562,protein modifying enzyme
248923at2759,4693304at2759,CLA4,17,562,protein modifying enzyme
248923at2759,442385at2759,CLA4,17,562,protein modifying enzyme
248923at2759,4916169at2759,CLA4,17,562,protein modifying enzyme
248923at2759,4936129at2759,CLA4,17,562,protein modifying enzyme
248923at2759,4939193at2759,CLA4,17,562,protein modifying enzyme
248923at2759,769659at2759,CLA4,17,562,protein modifying enzyme
248923at2759,4934563at2759,CLA4,17,562,protein modifying enzyme
248923at2759,1816256at2759,CLA4,17,562,protein modifying enzyme
248923at2759,4980926at2759,CLA4,17,562,protein modifying enzyme
248923at2759,538233at2759,CLA4,17,562,protein modifying enzyme
248923at2759,4683742at2759,CLA4,17,562,protein modifying enzyme
248923at2759,4946950at2759,CLA4,17,562,protein modifying enzyme
248923at2759,757250at2759,CLA4,17,562,protein modifying enzyme
248923at2759,4821361at2759,CLA4,17,562,protein modifying enzyme
248923at2759,448089at2759,CLA4,17,562,protein modifying enzyme
248923at2759,4654209at2759,CLA4,17,562,protein modifying enzyme
248923at2759,747860at2759,CLA4,17,562,protein modifying enzyme
248923at2759,4949795at2759,CLA4,17,562,protein modifying enzyme
248923at2759,4953488at2759,CLA4,17,562,protein modifying enzyme
248923at2759,4939287at2759,CLA4,17,562,protein modifying enzyme
248923at2759,948373at2759,CLA4,17,562,protein modifying enzyme
248923at2759,4893399at2759,CLA4,17,562,protein modifying enzyme
248923at2759,2632028at2759,CLA4,17,562,protein modifying enzyme
248923at2759,4905045at2759,CLA4,17,562,protein modifying enzyme
248923at2759,3505856at2759,CLA4,17,562,protein modifying enzyme
248923at2759,4779924at2759,CLA4,17,562,protein modifying enzyme
248923at2759,1397875at2759,CLA4,17,562,protein modifying enzyme
248923at2759,769917at2759,CLA4,17,562,protein modifying enzyme
248923at2759,4821794at2759,CLA4,17,562,protein modifying enzyme
248923at2759,4941278at2759,CLA4,17,562,protein modifying enzyme
248923at2759,3183293at2759,CLA4,17,562,protein modifying enzyme
248923at2759,544728at2759,CLA4,17,562,protein modifying enzyme
248923at2759,4936913at2759,CLA4,17,562,protein modifying enzyme
248923at2759,3236020at2759,CLA4,17,562,protein modifying enzyme
248923at2759,4911810at2759,CLA4,17,562,protein modifying enzyme
248923at2759,4824182at2759,CLA4,17,562,protein modifying enzyme
248923at2759,2079329at2759,CLA4,17,562,protein modifying enzyme
248923at2759,5019500at2759,CLA4,17,562,protein modifying enzyme
248923at2759,4921641at2759,CLA4,17,562,protein modifying enzyme
248923at2759,761617at2759,CLA4,17,562,protein modifying enzyme
248923at2759,2608522at2759,CLA4,17,562,protein modifying enzyme
248923at2759,303942at2759,CLA4,17,562,protein modifying enzyme
24966at2759,5013067at2759,EIF3I,2,43,translational protein
24966at2759,4917468at2759,EIF3I,2,43,translational protein
24966at2759,4942867at2759,EIF3I,2,43,translational protein
24966at2759,2701605at2759,EIF3I,2,43,translational protein
256303at2759,4776520at2759,Rae1,3,63,RNA metabolism
256303at2759,3675924at2759,Rae1,3,63,RNA metabolism
256303at2759,4809300at2759,Rae1,3,63,RNA metabolism
256303at2759,5013778at2759,Rae1,3,63,RNA metabolism
256303at2759,4725028at2759,Rae1,3,63,RNA metabolism
256303at2759,4752149at2759,Rae1,3,63,RNA metabolism
256303at2759,804638at2759,Rae1,3,63,RNA metabolism
256303at2759,2884248at2759,Rae1,3,63,RNA metabolism
256303at2759,805450at2759,Rae1,3,63,RNA metabolism
256303at2759,3510948at2759,Rae1,3,63,RNA metabolism
258143at2759,4823929at2759,CLP1,1,41,RNA metabolism
258143at2759,5018485at2759,CLP1,1,41,RNA metabolism
258143at2759,2618649at2759,CLP1,1,41,RNA metabolism
258143at2759,4895274at2759,CLP1,1,41,RNA metabolism
26525at2759,5002525at2759,TNNC1,30,870,calcium-binding protein
26525at2759,4529304at2759,TNNC1,30,870,calcium-binding protein
26525at2759,4920111at2759,TNNC1,30,870,calcium-binding protein
26525at2759,2681567at2759,TNNC1,30,870,calcium-binding protein
26525at2759,4298293at2759,TNNC1,30,870,calcium-binding protein
26525at2759,4825231at2759,TNNC1,30,870,calcium-binding protein
26525at2759,2886958at2759,TNNC1,30,870,calcium-binding protein
26525at2759,4781705at2759,TNNC1,30,870,calcium-binding protein
26525at2759,322353at2759,TNNC1,30,870,calcium-binding protein
26525at2759,4816045at2759,TNNC1,30,870,calcium-binding protein
26525at2759,300250at2759,TNNC1,30,870,calcium-binding protein
26525at2759,684900at2759,TNNC1,30,870,calcium-binding protein
26525at2759,529085at2759,TNNC1,30,870,calcium-binding protein
26525at2759,4890465at2759,TNNC1,30,870,calcium-binding protein
26525at2759,4920658at2759,TNNC1,30,870,calcium-binding protein
26525at2759,4613618at2759,TNNC1,30,870,calcium-binding protein
26525at2759,595579at2759,TNNC1,30,870,calcium-binding protein
26525at2759,4556656at2759,TNNC1,30,870,calcium-binding protein
26525at2759,1764584at2759,TNNC1,30,870,calcium-binding protein
26525at2759,4899170at2759,TNNC1,30,870,calcium-binding protein
26525at2759,2702481at2759,TNNC1,30,870,calcium-binding protein
26525at2759,1901499at2759,TNNC1,30,870,calcium-binding protein
26525at2759,4819988at2759,TNNC1,30,870,calcium-binding protein
26525at2759,4925035at2759,TNNC1,30,870,calcium-binding protein
26525at2759,4948228at2759,TNNC1,30,870,calcium-binding protein
26525at2759,270784at2759,TNNC1,30,870,calcium-binding protein
26525at2759,4971201at2759,TNNC1,30,870,calcium-binding protein
26525at2759,271622at2759,TNNC1,30,870,calcium-binding protein
26525at2759,2664392at2759,TNNC1,30,870,calcium-binding protein
26525at2759,3521639at2759,TNNC1,30,870,calcium-binding protein
26525at2759,4817643at2759,TNNC1,30,870,calcium-binding protein
26525at2759,744312at2759,TNNC1,30,870,calcium-binding protein
26525at2759,4360720at2759,TNNC1,30,870,calcium-binding protein
26525at2759,745268at2759,TNNC1,30,870,calcium-binding protein
26525at2759,4932624at2759,TNNC1,30,870,calcium-binding protein
26525at2759,4891627at2759,TNNC1,30,870,calcium-binding protein
26525at2759,4924355at2759,TNNC1,30,870,calcium-binding protein
26525at2759,492608at2759,TNNC1,30,870,calcium-binding protein
26525at2759,4920331at2759,TNNC1,30,870,calcium-binding protein
26525at2759,4907261at2759,TNNC1,30,870,calcium-binding protein
26525at2759,4890856at2759,TNNC1,30,870,calcium-binding protein
26525at2759,515761at2759,TNNC1,30,870,calcium-binding protein
26525at2759,4996290at2759,TNNC1,30,870,calcium-binding protein
26525at2759,2691756at2759,TNNC1,30,870,calcium-binding protein
26525at2759,741190at2759,TNNC1,30,870,calcium-binding protein
26525at2759,4291487at2759,TNNC1,30,870,calcium-binding protein
26525at2759,2892927at2759,TNNC1,30,870,calcium-binding protein
26525at2759,2735364at2759,TNNC1,30,870,calcium-binding protein
26525at2759,4160631at2759,TNNC1,30,870,calcium-binding protein
26525at2759,5007944at2759,TNNC1,30,870,calcium-binding protein
26525at2759,4409929at2759,TNNC1,30,870,calcium-binding protein
26525at2759,4769358at2759,TNNC1,30,870,calcium-binding protein
26525at2759,297055at2759,TNNC1,30,870,calcium-binding protein
26525at2759,5004706at2759,TNNC1,30,870,calcium-binding protein
26525at2759,4814538at2759,TNNC1,30,870,calcium-binding protein
26525at2759,4823317at2759,TNNC1,30,870,calcium-binding protein
26525at2759,4819559at2759,TNNC1,30,870,calcium-binding protein
26525at2759,771331at2759,TNNC1,30,870,calcium-binding protein
26525at2759,4243227at2759,TNNC1,30,870,calcium-binding protein
26525at2759,4927316at2759,TNNC1,30,870,calcium-binding protein
26525at2759,4773254at2759,TNNC1,30,870,calcium-binding protein
26525at2759,5016350at2759,TNNC1,30,870,calcium-binding protein
26525at2759,587883at2759,TNNC1,30,870,calcium-binding protein
26525at2759,4939344at2759,TNNC1,30,870,calcium-binding protein
26525at2759,2664949at2759,TNNC1,30,870,calcium-binding protein
26525at2759,4971052at2759,TNNC1,30,870,calcium-binding protein
26525at2759,4942612at2759,TNNC1,30,870,calcium-binding protein
26525at2759,671306at2759,TNNC1,30,870,calcium-binding protein
26525at2759,759711at2759,TNNC1,30,870,calcium-binding protein
26525at2759,794814at2759,TNNC1,30,870,calcium-binding protein
26525at2759,2878694at2759,TNNC1,30,870,calcium-binding protein
26525at2759,276054at2759,TNNC1,30,870,calcium-binding protein
26525at2759,3416479at2759,TNNC1,30,870,calcium-binding protein
26525at2759,742105at2759,TNNC1,30,870,calcium-binding protein
26525at2759,4293719at2759,TNNC1,30,870,calcium-binding protein
26525at2759,4820791at2759,TNNC1,30,870,calcium-binding protein
26525at2759,744629at2759,TNNC1,30,870,calcium-binding protein
26525at2759,218477at2759,TNNC1,30,870,calcium-binding protein
26525at2759,4811233at2759,TNNC1,30,870,calcium-binding protein
26525at2759,4031594at2759,TNNC1,30,870,calcium-binding protein
26525at2759,743467at2759,TNNC1,30,870,calcium-binding protein
26525at2759,4918580at2759,TNNC1,30,870,calcium-binding protein
26525at2759,4945012at2759,TNNC1,30,870,calcium-binding protein
26525at2759,448798at2759,TNNC1,30,870,calcium-binding protein
26525at2759,4920060at2759,TNNC1,30,870,calcium-binding protein
26525at2759,308380at2759,TNNC1,30,870,calcium-binding protein
26525at2759,4682771at2759,TNNC1,30,870,calcium-binding protein
26525at2759,760518at2759,TNNC1,30,870,calcium-binding protein
26525at2759,4820983at2759,TNNC1,30,870,calcium-binding protein
26525at2759,4841185at2759,TNNC1,30,870,calcium-binding protein
26525at2759,4381118at2759,TNNC1,30,870,calcium-binding protein
26525at2759,4071627at2759,TNNC1,30,870,calcium-binding protein
26525at2759,747240at2759,TNNC1,30,870,calcium-binding protein
26525at2759,154386at2759,TNNC1,30,870,calcium-binding protein
26525at2759,2929171at2759,TNNC1,30,870,calcium-binding protein
26525at2759,4982113at2759,TNNC1,30,870,calcium-binding protein
26525at2759,5012927at2759,TNNC1,30,870,calcium-binding protein
26525at2759,4892015at2759,TNNC1,30,870,calcium-binding protein
26525at2759,4908402at2759,TNNC1,30,870,calcium-binding protein
26525at2759,768521at2759,TNNC1,30,870,calcium-binding protein
26525at2759,800720at2759,TNNC1,30,870,calcium-binding protein
26525at2759,16655at2759,TNNC1,30,870,calcium-binding protein
26525at2759,4919732at2759,TNNC1,30,870,calcium-binding protein
26525at2759,586506at2759,TNNC1,30,870,calcium-binding protein
26525at2759,313417at2759,TNNC1,30,870,calcium-binding protein
26525at2759,4249980at2759,TNNC1,30,870,calcium-binding protein
26525at2759,4930476at2759,TNNC1,30,870,calcium-binding protein
26525at2759,770321at2759,TNNC1,30,870,calcium-binding protein
26525at2759,4938224at2759,TNNC1,30,870,calcium-binding protein
26525at2759,4783567at2759,TNNC1,30,870,calcium-binding protein
26525at2759,4920579at2759,TNNC1,30,870,calcium-binding protein
26525at2759,4925375at2759,TNNC1,30,870,calcium-binding protein
26525at2759,4558471at2759,TNNC1,30,870,calcium-binding protein
26525at2759,638101at2759,TNNC1,30,870,calcium-binding protein
26525at2759,5019858at2759,TNNC1,30,870,calcium-binding protein
26525at2759,2891288at2759,TNNC1,30,870,calcium-binding protein
26525at2759,4805693at2759,TNNC1,30,870,calcium-binding protein
26525at2759,4971410at2759,TNNC1,30,870,calcium-binding protein
26525at2759,4288843at2759,TNNC1,30,870,calcium-binding protein
26525at2759,753957at2759,TNNC1,30,870,calcium-binding protein
26525at2759,807672at2759,TNNC1,30,870,calcium-binding protein
26525at2759,4919702at2759,TNNC1,30,870,calcium-binding protein
26525at2759,4248724at2759,TNNC1,30,870,calcium-binding protein
26525at2759,140543at2759,TNNC1,30,870,calcium-binding protein
26525at2759,4927368at2759,TNNC1,30,870,calcium-binding protein
26525at2759,4693069at2759,TNNC1,30,870,calcium-binding protein
26525at2759,4929159at2759,TNNC1,30,870,calcium-binding protein
26525at2759,4349133at2759,TNNC1,30,870,calcium-binding protein
26525at2759,4815424at2759,TNNC1,30,870,calcium-binding protein
26525at2759,3255283at2759,TNNC1,30,870,calcium-binding protein
26525at2759,442388at2759,TNNC1,30,870,calcium-binding protein
26525at2759,748523at2759,TNNC1,30,870,calcium-binding protein
26525at2759,321071at2759,TNNC1,30,870,calcium-binding protein
26525at2759,399584at2759,TNNC1,30,870,calcium-binding protein
26525at2759,5012884at2759,TNNC1,30,870,calcium-binding protein
26525at2759,4931850at2759,TNNC1,30,870,calcium-binding protein
26525at2759,763822at2759,TNNC1,30,870,calcium-binding protein
26525at2759,5013667at2759,TNNC1,30,870,calcium-binding protein
26525at2759,4774395at2759,TNNC1,30,870,calcium-binding protein
26525at2759,4432017at2759,TNNC1,30,870,calcium-binding protein
26525at2759,4883057at2759,TNNC1,30,870,calcium-binding protein
26525at2759,4376119at2759,TNNC1,30,870,calcium-binding protein
26525at2759,97176at2759,TNNC1,30,870,calcium-binding protein
26525at2759,4927028at2759,TNNC1,30,870,calcium-binding protein
26525at2759,4878714at2759,TNNC1,30,870,calcium-binding protein
26525at2759,616019at2759,TNNC1,30,870,calcium-binding protein
26525at2759,4520945at2759,TNNC1,30,870,calcium-binding protein
26525at2759,751254at2759,TNNC1,30,870,calcium-binding protein
26525at2759,635767at2759,TNNC1,30,870,calcium-binding protein
26525at2759,4941115at2759,TNNC1,30,870,calcium-binding protein
26525at2759,4777384at2759,TNNC1,30,870,calcium-binding protein
26525at2759,4918946at2759,TNNC1,30,870,calcium-binding protein
26525at2759,4810256at2759,TNNC1,30,870,calcium-binding protein
26525at2759,4273708at2759,TNNC1,30,870,calcium-binding protein
26525at2759,4749169at2759,TNNC1,30,870,calcium-binding protein
26525at2759,4770722at2759,TNNC1,30,870,calcium-binding protein
26525at2759,4980173at2759,TNNC1,30,870,calcium-binding protein
26525at2759,635938at2759,TNNC1,30,870,calcium-binding protein
26525at2759,4927775at2759,TNNC1,30,870,calcium-binding protein
26525at2759,2654372at2759,TNNC1,30,870,calcium-binding protein
26525at2759,4818961at2759,TNNC1,30,870,calcium-binding protein
26525at2759,4278125at2759,TNNC1,30,870,calcium-binding protein
26525at2759,662669at2759,TNNC1,30,870,calcium-binding protein
26525at2759,4653372at2759,TNNC1,30,870,calcium-binding protein
26525at2759,807421at2759,TNNC1,30,870,calcium-binding protein
26525at2759,122274at2759,TNNC1,30,870,calcium-binding protein
26525at2759,4277198at2759,TNNC1,30,870,calcium-binding protein
26525at2759,320278at2759,TNNC1,30,870,calcium-binding protein
26525at2759,761544at2759,TNNC1,30,870,calcium-binding protein
26525at2759,4250785at2759,TNNC1,30,870,calcium-binding protein
26525at2759,5012483at2759,TNNC1,30,870,calcium-binding protein
26525at2759,5016423at2759,TNNC1,30,870,calcium-binding protein
26525at2759,4820129at2759,TNNC1,30,870,calcium-binding protein
26525at2759,4346842at2759,TNNC1,30,870,calcium-binding protein
26525at2759,769039at2759,TNNC1,30,870,calcium-binding protein
26525at2759,3336202at2759,TNNC1,30,870,calcium-binding protein
26525at2759,5027553at2759,TNNC1,30,870,calcium-binding protein
26525at2759,807601at2759,TNNC1,30,870,calcium-binding protein
26525at2759,4819548at2759,TNNC1,30,870,calcium-binding protein
26525at2759,4823134at2759,TNNC1,30,870,calcium-binding protein
26525at2759,128535at2759,TNNC1,30,870,calcium-binding protein
26525at2759,4788657at2759,TNNC1,30,870,calcium-binding protein
26525at2759,773209at2759,TNNC1,30,870,calcium-binding protein
26525at2759,5017755at2759,TNNC1,30,870,calcium-binding protein
26525at2759,4861016at2759,TNNC1,30,870,calcium-binding protein
26525at2759,4892276at2759,TNNC1,30,870,calcium-binding protein
26525at2759,4830253at2759,TNNC1,30,870,calcium-binding protein
26525at2759,808261at2759,TNNC1,30,870,calcium-binding protein
26525at2759,4791553at2759,TNNC1,30,870,calcium-binding protein
26525at2759,4842351at2759,TNNC1,30,870,calcium-binding protein
26525at2759,4376471at2759,TNNC1,30,870,calcium-binding protein
26525at2759,328943at2759,TNNC1,30,870,calcium-binding protein
26525at2759,4823058at2759,TNNC1,30,870,calcium-binding protein
26525at2759,4659403at2759,TNNC1,30,870,calcium-binding protein
26525at2759,655921at2759,TNNC1,30,870,calcium-binding protein
26525at2759,4882488at2759,TNNC1,30,870,calcium-binding protein
26525at2759,4890864at2759,TNNC1,30,870,calcium-binding protein
26525at2759,3723256at2759,TNNC1,30,870,calcium-binding protein
26525at2759,759178at2759,TNNC1,30,870,calcium-binding protein
26525at2759,5013618at2759,TNNC1,30,870,calcium-binding protein
26525at2759,3497406at2759,TNNC1,30,870,calcium-binding protein
26525at2759,4678784at2759,TNNC1,30,870,calcium-binding protein
26525at2759,4958613at2759,TNNC1,30,870,calcium-binding protein
26525at2759,4362961at2759,TNNC1,30,870,calcium-binding protein
26525at2759,5000782at2759,TNNC1,30,870,calcium-binding protein
26525at2759,221847at2759,TNNC1,30,870,calcium-binding protein
26525at2759,1971541at2759,TNNC1,30,870,calcium-binding protein
26525at2759,4939597at2759,TNNC1,30,870,calcium-binding protein
26525at2759,4926529at2759,TNNC1,30,870,calcium-binding protein
26525at2759,4862539at2759,TNNC1,30,870,calcium-binding protein
26525at2759,4781261at2759,TNNC1,30,870,calcium-binding protein
26525at2759,4891385at2759,TNNC1,30,870,calcium-binding protein
26525at2759,4754446at2759,TNNC1,30,870,calcium-binding protein
26525at2759,4809230at2759,TNNC1,30,870,calcium-binding protein
26525at2759,4820652at2759,TNNC1,30,870,calcium-binding protein
26525at2759,4858673at2759,TNNC1,30,870,calcium-binding protein
26525at2759,4773981at2759,TNNC1,30,870,calcium-binding protein
26525at2759,4918107at2759,TNNC1,30,870,calcium-binding protein
26525at2759,4748905at2759,TNNC1,30,870,calcium-binding protein
26525at2759,772531at2759,TNNC1,30,870,calcium-binding protein
26525at2759,4823379at2759,TNNC1,30,870,calcium-binding protein
26525at2759,3323801at2759,TNNC1,30,870,calcium-binding protein
26525at2759,4238873at2759,TNNC1,30,870,calcium-binding protein
26525at2759,4939432at2759,TNNC1,30,870,calcium-binding protein
26525at2759,4804531at2759,TNNC1,30,870,calcium-binding protein
26525at2759,4845559at2759,TNNC1,30,870,calcium-binding protein
26525at2759,408990at2759,TNNC1,30,870,calcium-binding protein
26525at2759,4958614at2759,TNNC1,30,870,calcium-binding protein
26525at2759,4936570at2759,TNNC1,30,870,calcium-binding protein
26525at2759,4357461at2759,TNNC1,30,870,calcium-binding protein
26525at2759,4907366at2759,TNNC1,30,870,calcium-binding protein
26525at2759,759388at2759,TNNC1,30,870,calcium-binding protein
26525at2759,4755583at2759,TNNC1,30,870,calcium-binding protein
26525at2759,4922126at2759,TNNC1,30,870,calcium-binding protein
26525at2759,64628at2759,TNNC1,30,870,calcium-binding protein
26525at2759,4452362at2759,TNNC1,30,870,calcium-binding protein
26525at2759,4815109at2759,TNNC1,30,870,calcium-binding protein
268428at2759,4969057at2759,Psmb2,2,38,protein modifying enzyme
268763at2759,4971272at2759,RPN5,1,38,protein modifying enzyme
269804at2759,4970723at2759,EMG1,1,37,metabolite interconversion enzyme
269804at2759,4893497at2759,EMG1,1,37,metabolite interconversion enzyme
269804at2759,4882740at2759,EMG1,1,37,metabolite interconversion enzyme
269804at2759,4817086at2759,EMG1,1,37,metabolite interconversion enzyme
270173at2759,532599at2759,Polr2C,2,74,RNA metabolism
270392at2759,4999407at2759,RPA190,3,108,RNA metabolism
270392at2759,675910at2759,RPA190,3,108,RNA metabolism
270392at2759,346226at2759,RPA190,3,108,RNA metabolism
270392at2759,4906182at2759,RPA190,3,108,RNA metabolism
270392at2759,675919at2759,RPA190,3,108,RNA metabolism
272141at2759,5002737at2759,sgg,2,99,protein modifying enzyme
272141at2759,2970781at2759,sgg,2,99,protein modifying enzyme
272141at2759,4680760at2759,sgg,2,99,protein modifying enzyme
272141at2759,4905865at2759,sgg,2,99,protein modifying enzyme
272141at2759,271124at2759,sgg,2,99,protein modifying enzyme
272141at2759,4889467at2759,sgg,2,99,protein modifying enzyme
272141at2759,4920887at2759,sgg,2,99,protein modifying enzyme
272481at2759,4863127at2759,RAD3,2,48,DNA metabolism
272481at2759,2254049at2759,RAD3,2,48,DNA metabolism
272481at2759,714108at2759,RAD3,2,48,DNA metabolism
272481at2759,4957438at2759,RAD3,2,48,DNA metabolism
272481at2759,4771406at2759,RAD3,2,48,DNA metabolism
272481at2759,4912682at2759,RAD3,2,48,DNA metabolism
272481at2759,2627378at2759,RAD3,2,48,DNA metabolism
272481at2759,524065at2759,RAD3,2,48,DNA metabolism
272481at2759,547759at2759,RAD3,2,48,DNA metabolism
273340at2759,4838864at2759,ENP2,1,35,Unclassified
273340at2759,2416816at2759,ENP2,1,35,Unclassified
27435at2759,5019313at2759,CDC48,2,122,transporter
27435at2759,4887645at2759,CDC48,2,122,transporter
27435at2759,613985at2759,CDC48,2,122,transporter
27435at2759,4887889at2759,CDC48,2,122,transporter
27435at2759,4837423at2759,CDC48,2,122,transporter
27435at2759,4277836at2759,CDC48,2,122,transporter
27435at2759,227508at2759,CDC48,2,122,transporter
27923at2759,4940460at2759,YKT6,1,51,Unclassified
27923at2759,4863284at2759,YKT6,1,51,Unclassified
27923at2759,4886807at2759,YKT6,1,51,Unclassified
28053at2759,5001003at2759,APL4,4,63,membrane traffic protein
28053at2759,4900012at2759,APL4,4,63,membrane traffic protein
28053at2759,2657557at2759,APL4,4,63,membrane traffic protein
28053at2759,2735173at2759,APL4,4,63,membrane traffic protein
28053at2759,2670370at2759,APL4,4,63,membrane traffic protein
28053at2759,4725029at2759,APL4,4,63,membrane traffic protein
282152at2759,4916283at2759,RPC11,1,46,RNA metabolism
282152at2759,4899713at2759,RPC11,1,46,RNA metabolism
282152at2759,4926418at2759,RPC11,1,46,RNA metabolism
282152at2759,4920770at2759,RPC11,1,46,RNA metabolism
282152at2759,4947677at2759,RPC11,1,46,RNA metabolism
282152at2759,4929752at2759,RPC11,1,46,RNA metabolism
284782at2759,5004398at2759,CIAO1,4,48,Unclassified
284782at2759,4918931at2759,CIAO1,4,48,Unclassified
284782at2759,5015063at2759,CIAO1,4,48,Unclassified
284782at2759,3494724at2759,CIAO1,4,48,Unclassified
284782at2759,4696647at2759,CIAO1,4,48,Unclassified
284782at2759,3495382at2759,CIAO1,4,48,Unclassified
284782at2759,4439733at2759,CIAO1,4,48,Unclassified
284782at2759,4942679at2759,CIAO1,4,48,Unclassified
284782at2759,31764at2759,CIAO1,4,48,Unclassified
284782at2759,4940296at2759,CIAO1,4,48,Unclassified
284782at2759,3515032at2759,CIAO1,4,48,Unclassified
284782at2759,4922440at2759,CIAO1,4,48,Unclassified
284782at2759,4969858at2759,CIAO1,4,48,Unclassified
28737at2759,5004253at2759,HSP82,2,105,chaperone
28737at2759,4969507at2759,HSP82,2,105,chaperone
28737at2759,5015266at2759,HSP82,2,105,chaperone
28737at2759,4996455at2759,HSP82,2,105,chaperone
28737at2759,4937395at2759,HSP82,2,105,chaperone
28737at2759,4184227at2759,HSP82,2,105,chaperone
28737at2759,2507729at2759,HSP82,2,105,chaperone
2877at2759,707076at2759,BUD23,1,41,metabolite interconversion enzyme
289038at2759,2748285at2759,USP7,12,204,protein modifying enzyme
289038at2759,5015874at2759,USP7,12,204,protein modifying enzyme
289038at2759,5019328at2759,USP7,12,204,protein modifying enzyme
289038at2759,4821214at2759,USP7,12,204,protein modifying enzyme
289038at2759,309043at2759,USP7,12,204,protein modifying enzyme
289038at2759,316939at2759,USP7,12,204,protein modifying enzyme
289038at2759,4416699at2759,USP7,12,204,protein modifying enzyme
289038at2759,540348at2759,USP7,12,204,protein modifying enzyme
289038at2759,4659935at2759,USP7,12,204,protein modifying enzyme
289038at2759,794139at2759,USP7,12,204,protein modifying enzyme
289038at2759,334904at2759,USP7,12,204,protein modifying enzyme
289038at2759,4810397at2759,USP7,12,204,protein modifying enzyme
289038at2759,334422at2759,USP7,12,204,protein modifying enzyme
289038at2759,4848709at2759,USP7,12,204,protein modifying enzyme
289038at2759,275978at2759,USP7,12,204,protein modifying enzyme
289038at2759,4946112at2759,USP7,12,204,protein modifying enzyme
289038at2759,790752at2759,USP7,12,204,protein modifying enzyme
289038at2759,4895001at2759,USP7,12,204,protein modifying enzyme
289038at2759,4922302at2759,USP7,12,204,protein modifying enzyme
289038at2759,758893at2759,USP7,12,204,protein modifying enzyme
289038at2759,338491at2759,USP7,12,204,protein modifying enzyme
289038at2759,712616at2759,USP7,12,204,protein modifying enzyme
289038at2759,4970172at2759,USP7,12,204,protein modifying enzyme
289038at2759,4925339at2759,USP7,12,204,protein modifying enzyme
289038at2759,4819187at2759,USP7,12,204,protein modifying enzyme
289038at2759,4818478at2759,USP7,12,204,protein modifying enzyme
289038at2759,3324169at2759,USP7,12,204,protein modifying enzyme
289038at2759,616800at2759,USP7,12,204,protein modifying enzyme
289038at2759,4680959at2759,USP7,12,204,protein modifying enzyme
289038at2759,4848181at2759,USP7,12,204,protein modifying enzyme
289038at2759,274045at2759,USP7,12,204,protein modifying enzyme
289038at2759,286701at2759,USP7,12,204,protein modifying enzyme
289038at2759,4775710at2759,USP7,12,204,protein modifying enzyme
289038at2759,339677at2759,USP7,12,204,protein modifying enzyme
289038at2759,319870at2759,USP7,12,204,protein modifying enzyme
289038at2759,4936737at2759,USP7,12,204,protein modifying enzyme
289038at2759,292659at2759,USP7,12,204,protein modifying enzyme
289038at2759,4449687at2759,USP7,12,204,protein modifying enzyme
289038at2759,4932391at2759,USP7,12,204,protein modifying enzyme
289038at2759,4825901at2759,USP7,12,204,protein modifying enzyme
289038at2759,733642at2759,USP7,12,204,protein modifying enzyme
289038at2759,4947893at2759,USP7,12,204,protein modifying enzyme
289038at2759,4922079at2759,USP7,12,204,protein modifying enzyme
289038at2759,4273674at2759,USP7,12,204,protein modifying enzyme
289038at2759,330702at2759,USP7,12,204,protein modifying enzyme
289038at2759,4599856at2759,USP7,12,204,protein modifying enzyme
289038at2759,4923223at2759,USP7,12,204,protein modifying enzyme
289038at2759,4770223at2759,USP7,12,204,protein modifying enzyme
294251at2759,4774160at2759,MSB4,5,193,protein-binding activity modulator
294251at2759,4989404at2759,MSB4,5,193,protein-binding activity modulator
294251at2759,4927548at2759,MSB4,5,193,protein-binding activity modulator
294251at2759,595184at2759,MSB4,5,193,protein-binding activity modulator
294251at2759,5005051at2759,MSB4,5,193,protein-binding activity modulator
294251at2759,4922992at2759,MSB4,5,193,protein-binding activity modulator
294251at2759,4758211at2759,MSB4,5,193,protein-binding activity modulator
294251at2759,5017004at2759,MSB4,5,193,protein-binding activity modulator
294251at2759,762986at2759,MSB4,5,193,protein-binding activity modulator
294251at2759,5018015at2759,MSB4,5,193,protein-binding activity modulator
294251at2759,4810956at2759,MSB4,5,193,protein-binding activity modulator
294251at2759,5018024at2759,MSB4,5,193,protein-binding activity modulator
294251at2759,5018399at2759,MSB4,5,193,protein-binding activity modulator
294251at2759,4916678at2759,MSB4,5,193,protein-binding activity modulator
294251at2759,4924072at2759,MSB4,5,193,protein-binding activity modulator
294251at2759,636795at2759,MSB4,5,193,protein-binding activity modulator
294251at2759,4925814at2759,MSB4,5,193,protein-binding activity modulator
294251at2759,2748303at2759,MSB4,5,193,protein-binding activity modulator
294251at2759,4923579at2759,MSB4,5,193,protein-binding activity modulator
294251at2759,4930071at2759,MSB4,5,193,protein-binding activity modulator
294251at2759,4542884at2759,MSB4,5,193,protein-binding activity modulator
294251at2759,4287761at2759,MSB4,5,193,protein-binding activity modulator
294251at2759,4917758at2759,MSB4,5,193,protein-binding activity modulator
294251at2759,4987143at2759,MSB4,5,193,protein-binding activity modulator
294251at2759,2411199at2759,MSB4,5,193,protein-binding activity modulator
294251at2759,4818391at2759,MSB4,5,193,protein-binding activity modulator
294251at2759,4803993at2759,MSB4,5,193,protein-binding activity modulator
294251at2759,5014494at2759,MSB4,5,193,protein-binding activity modulator
294251at2759,786703at2759,MSB4,5,193,protein-binding activity modulator
294251at2759,4449539at2759,MSB4,5,193,protein-binding activity modulator
294251at2759,4873093at2759,MSB4,5,193,protein-binding activity modulator
294251at2759,4446639at2759,MSB4,5,193,protein-binding activity modulator
294251at2759,4818128at2759,MSB4,5,193,protein-binding activity modulator
294251at2759,4926825at2759,MSB4,5,193,protein-binding activity modulator
294251at2759,5005605at2759,MSB4,5,193,protein-binding activity modulator
294251at2759,762133at2759,MSB4,5,193,protein-binding activity modulator
294251at2759,804344at2759,MSB4,5,193,protein-binding activity modulator
294251at2759,4760318at2759,MSB4,5,193,protein-binding activity modulator
29755at2759,5012476at2759,ASF1,2,66,chromatin/regulatory
29755at2759,783281at2759,ASF1,2,66,chromatin/regulatory
29755at2759,4783542at2759,ASF1,2,66,chromatin/regulatory
29755at2759,5015771at2759,ASF1,2,66,chromatin/regulatory
29755at2759,4816276at2759,ASF1,2,66,chromatin/regulatory
29755at2759,4780313at2759,ASF1,2,66,chromatin/regulatory
3000483at2759,4791320at2759,Rrm1,2,50,metabolite interconversion enzyme
3000483at2759,2739327at2759,Rrm1,2,50,metabolite interconversion enzyme
3000483at2759,5024048at2759,Rrm1,2,50,metabolite interconversion enzyme
3000483at2759,416755at2759,Rrm1,2,50,metabolite interconversion enzyme
308383at2759,802821at2759,KMT2A,11,202,chromatin/regulatory
308383at2759,5020565at2759,KMT2A,11,202,chromatin/regulatory
308383at2759,4888716at2759,KMT2A,11,202,chromatin/regulatory
308383at2759,266339at2759,KMT2A,11,202,chromatin/regulatory
308383at2759,794108at2759,KMT2A,11,202,chromatin/regulatory
308383at2759,5003047at2759,KMT2A,11,202,chromatin/regulatory
308383at2759,273213at2759,KMT2A,11,202,chromatin/regulatory
308383at2759,2513831at2759,KMT2A,11,202,chromatin/regulatory
308383at2759,3292001at2759,KMT2A,11,202,chromatin/regulatory
308383at2759,4845691at2759,KMT2A,11,202,chromatin/regulatory
308383at2759,4815818at2759,KMT2A,11,202,chromatin/regulatory
308383at2759,769683at2759,KMT2A,11,202,chromatin/regulatory
308383at2759,591873at2759,KMT2A,11,202,chromatin/regulatory
308383at2759,542871at2759,KMT2A,11,202,chromatin/regulatory
308383at2759,3521255at2759,KMT2A,11,202,chromatin/regulatory
308383at2759,4780392at2759,KMT2A,11,202,chromatin/regulatory
308383at2759,82638at2759,KMT2A,11,202,chromatin/regulatory
308383at2759,148304at2759,KMT2A,11,202,chromatin/regulatory
308383at2759,4804697at2759,KMT2A,11,202,chromatin/regulatory
308383at2759,2640833at2759,KMT2A,11,202,chromatin/regulatory
308383at2759,4942549at2759,KMT2A,11,202,chromatin/regulatory
308383at2759,4942964at2759,KMT2A,11,202,chromatin/regulatory
308383at2759,1813040at2759,KMT2A,11,202,chromatin/regulatory
308383at2759,4843997at2759,KMT2A,11,202,chromatin/regulatory
308383at2759,4281082at2759,KMT2A,11,202,chromatin/regulatory
308383at2759,805505at2759,KMT2A,11,202,chromatin/regulatory
308383at2759,2501277at2759,KMT2A,11,202,chromatin/regulatory
308383at2759,5020295at2759,KMT2A,11,202,chromatin/regulatory
308383at2759,4839793at2759,KMT2A,11,202,chromatin/regulatory
308383at2759,4925750at2759,KMT2A,11,202,chromatin/regulatory
308383at2759,4983879at2759,KMT2A,11,202,chromatin/regulatory
308383at2759,3167482at2759,KMT2A,11,202,chromatin/regulatory
308383at2759,1637470at2759,KMT2A,11,202,chromatin/regulatory
308383at2759,3972425at2759,KMT2A,11,202,chromatin/regulatory
308383at2759,4929097at2759,KMT2A,11,202,chromatin/regulatory
308383at2759,2145838at2759,KMT2A,11,202,chromatin/regulatory
308383at2759,4895732at2759,KMT2A,11,202,chromatin/regulatory
308383at2759,740730at2759,KMT2A,11,202,chromatin/regulatory
308383at2759,4459485at2759,KMT2A,11,202,chromatin/regulatory
308383at2759,5005066at2759,KMT2A,11,202,chromatin/regulatory
308383at2759,203415at2759,KMT2A,11,202,chromatin/regulatory
308383at2759,4552519at2759,KMT2A,11,202,chromatin/regulatory
308383at2759,771317at2759,KMT2A,11,202,chromatin/regulatory
308383at2759,3510909at2759,KMT2A,11,202,chromatin/regulatory
308383at2759,717531at2759,KMT2A,11,202,chromatin/regulatory
308383at2759,5015330at2759,KMT2A,11,202,chromatin/regulatory
308383at2759,4775842at2759,KMT2A,11,202,chromatin/regulatory
308383at2759,293860at2759,KMT2A,11,202,chromatin/regulatory
308383at2759,794318at2759,KMT2A,11,202,chromatin/regulatory
308383at2759,296947at2759,KMT2A,11,202,chromatin/regulatory
308383at2759,4254425at2759,KMT2A,11,202,chromatin/regulatory
308383at2759,4940309at2759,KMT2A,11,202,chromatin/regulatory
308383at2759,4846706at2759,KMT2A,11,202,chromatin/regulatory
308383at2759,2667382at2759,KMT2A,11,202,chromatin/regulatory
308383at2759,4896144at2759,KMT2A,11,202,chromatin/regulatory
308383at2759,1769823at2759,KMT2A,11,202,chromatin/regulatory
308383at2759,4937006at2759,KMT2A,11,202,chromatin/regulatory
308383at2759,594219at2759,KMT2A,11,202,chromatin/regulatory
308383at2759,4698672at2759,KMT2A,11,202,chromatin/regulatory
308383at2759,4910219at2759,KMT2A,11,202,chromatin/regulatory
308383at2759,4787290at2759,KMT2A,11,202,chromatin/regulatory
308383at2759,3455325at2759,KMT2A,11,202,chromatin/regulatory
308383at2759,3355759at2759,KMT2A,11,202,chromatin/regulatory
308383at2759,4849324at2759,KMT2A,11,202,chromatin/regulatory
308383at2759,4326994at2759,KMT2A,11,202,chromatin/regulatory
3142434at2759,530014at2759,PWP2,1,33,Unclassified
3176171at2759,5001964at2759,Kif3c,41,922,cytoskeletal protein
3176171at2759,4992154at2759,Kif3c,41,922,cytoskeletal protein
3176171at2759,807705at2759,Kif3c,41,922,cytoskeletal protein
3176171at2759,4947974at2759,Kif3c,41,922,cytoskeletal protein
3176171at2759,171039at2759,Kif3c,41,922,cytoskeletal protein
3176171at2759,4818482at2759,Kif3c,41,922,cytoskeletal protein
3176171at2759,3414870at2759,Kif3c,41,922,cytoskeletal protein
3176171at2759,4786265at2759,Kif3c,41,922,cytoskeletal protein
3176171at2759,703294at2759,Kif3c,41,922,cytoskeletal protein
3176171at2759,4931171at2759,Kif3c,41,922,cytoskeletal protein
3176171at2759,543280at2759,Kif3c,41,922,cytoskeletal protein
3176171at2759,4934191at2759,Kif3c,41,922,cytoskeletal protein
3176171at2759,4662990at2759,Kif3c,41,922,cytoskeletal protein
3176171at2759,4948117at2759,Kif3c,41,922,cytoskeletal protein
3176171at2759,4684012at2759,Kif3c,41,922,cytoskeletal protein
3176171at2759,4721683at2759,Kif3c,41,922,cytoskeletal protein
3176171at2759,5019158at2759,Kif3c,41,922,cytoskeletal protein
3176171at2759,5024540at2759,Kif3c,41,922,cytoskeletal protein
3176171at2759,4534737at2759,Kif3c,41,922,cytoskeletal protein
3176171at2759,4944543at2759,Kif3c,41,922,cytoskeletal protein
3176171at2759,4933801at2759,Kif3c,41,922,cytoskeletal protein
3176171at2759,4988326at2759,Kif3c,41,922,cytoskeletal protein
3176171at2759,4771606at2759,Kif3c,41,922,cytoskeletal protein
3176171at2759,630011at2759,Kif3c,41,922,cytoskeletal protein
3176171at2759,5015750at2759,Kif3c,41,922,cytoskeletal protein
3176171at2759,767276at2759,Kif3c,41,922,cytoskeletal protein
3176171at2759,749318at2759,Kif3c,41,922,cytoskeletal protein
3176171at2759,4807464at2759,Kif3c,41,922,cytoskeletal protein
3176171at2759,4946452at2759,Kif3c,41,922,cytoskeletal protein
3176171at2759,3208909at2759,Kif3c,41,922,cytoskeletal protein
3176171at2759,4902920at2759,Kif3c,41,922,cytoskeletal protein
3176171at2759,4760507at2759,Kif3c,41,922,cytoskeletal protein
3176171at2759,365212at2759,Kif3c,41,922,cytoskeletal protein
3176171at2759,4772144at2759,Kif3c,41,922,cytoskeletal protein
3176171at2759,803959at2759,Kif3c,41,922,cytoskeletal protein
3176171at2759,1720254at2759,Kif3c,41,922,cytoskeletal protein
3176171at2759,113643at2759,Kif3c,41,922,cytoskeletal protein
3176171at2759,5017824at2759,Kif3c,41,922,cytoskeletal protein
3176171at2759,3940399at2759,Kif3c,41,922,cytoskeletal protein
3176171at2759,4774760at2759,Kif3c,41,922,cytoskeletal protein
3176171at2759,620653at2759,Kif3c,41,922,cytoskeletal protein
3176171at2759,4291986at2759,Kif3c,41,922,cytoskeletal protein
3176171at2759,4126525at2759,Kif3c,41,922,cytoskeletal protein
3176171at2759,648573at2759,Kif3c,41,922,cytoskeletal protein
3176171at2759,4907542at2759,Kif3c,41,922,cytoskeletal protein
3176171at2759,758269at2759,Kif3c,41,922,cytoskeletal protein
3176171at2759,683098at2759,Kif3c,41,922,cytoskeletal protein
3176171at2759,804789at2759,Kif3c,41,922,cytoskeletal protein
3176171at2759,4394893at2759,Kif3c,41,922,cytoskeletal protein
3176171at2759,629411at2759,Kif3c,41,922,cytoskeletal protein
3176171at2759,622343at2759,Kif3c,41,922,cytoskeletal protein
3176171at2759,88158at2759,Kif3c,41,922,cytoskeletal protein
3176171at2759,794523at2759,Kif3c,41,922,cytoskeletal protein
3176171at2759,4783506at2759,Kif3c,41,922,cytoskeletal protein
3176171at2759,765179at2759,Kif3c,41,922,cytoskeletal protein
3176171at2759,616042at2759,Kif3c,41,922,cytoskeletal protein
3176171at2759,4762958at2759,Kif3c,41,922,cytoskeletal protein
3176171at2759,4822757at2759,Kif3c,41,922,cytoskeletal protein
3176171at2759,2540279at2759,Kif3c,41,922,cytoskeletal protein
3176171at2759,4966662at2759,Kif3c,41,922,cytoskeletal protein
3176171at2759,3374708at2759,Kif3c,41,922,cytoskeletal protein
3176171at2759,4891084at2759,Kif3c,41,922,cytoskeletal protein
3176171at2759,692315at2759,Kif3c,41,922,cytoskeletal protein
3176171at2759,673357at2759,Kif3c,41,922,cytoskeletal protein
3176171at2759,764035at2759,Kif3c,41,922,cytoskeletal protein
3176171at2759,666777at2759,Kif3c,41,922,cytoskeletal protein
3176171at2759,654191at2759,Kif3c,41,922,cytoskeletal protein
3176171at2759,2600072at2759,Kif3c,41,922,cytoskeletal protein
3176171at2759,764414at2759,Kif3c,41,922,cytoskeletal protein
3176171at2759,489937at2759,Kif3c,41,922,cytoskeletal protein
3176171at2759,4818249at2759,Kif3c,41,922,cytoskeletal protein
3176171at2759,711268at2759,Kif3c,41,922,cytoskeletal protein
3176171at2759,3286501at2759,Kif3c,41,922,cytoskeletal protein
3176171at2759,4782317at2759,Kif3c,41,922,cytoskeletal protein
3176171at2759,768499at2759,Kif3c,41,922,cytoskeletal protein
3176171at2759,765791at2759,Kif3c,41,922,cytoskeletal protein
3176171at2759,4091839at2759,Kif3c,41,922,cytoskeletal protein
3176171at2759,4847226at2759,Kif3c,41,922,cytoskeletal protein
3176171at2759,766643at2759,Kif3c,41,922,cytoskeletal protein
3176171at2759,4939203at2759,Kif3c,41,922,cytoskeletal protein
3176171at2759,549524at2759,Kif3c,41,922,cytoskeletal protein
3176171at2759,1803602at2759,Kif3c,41,922,cytoskeletal protein
3176171at2759,5002338at2759,Kif3c,41,922,cytoskeletal protein
3176171at2759,681673at2759,Kif3c,41,922,cytoskeletal protein
3176171at2759,4821303at2759,Kif3c,41,922,cytoskeletal protein
3176171at2759,4929363at2759,Kif3c,41,922,cytoskeletal protein
3176171at2759,4858600at2759,Kif3c,41,922,cytoskeletal protein
3176171at2759,4843534at2759,Kif3c,41,922,cytoskeletal protein
3176171at2759,5024730at2759,Kif3c,41,922,cytoskeletal protein
3176171at2759,4823966at2759,Kif3c,41,922,cytoskeletal protein
3176171at2759,4937860at2759,Kif3c,41,922,cytoskeletal protein
3176171at2759,760636at2759,Kif3c,41,922,cytoskeletal protein
3176171at2759,4819638at2759,Kif3c,41,922,cytoskeletal protein
3176171at2759,5019306at2759,Kif3c,41,922,cytoskeletal protein
3176171at2759,4932700at2759,Kif3c,41,922,cytoskeletal protein
3176171at2759,4445909at2759,Kif3c,41,922,cytoskeletal protein
3176171at2759,4726614at2759,Kif3c,41,922,cytoskeletal protein
3176171at2759,3420789at2759,Kif3c,41,922,cytoskeletal protein
3176171at2759,4859512at2759,Kif3c,41,922,cytoskeletal protein
3176171at2759,4758233at2759,Kif3c,41,922,cytoskeletal protein
3176171at2759,4959049at2759,Kif3c,41,922,cytoskeletal protein
3176171at2759,4972713at2759,Kif3c,41,922,cytoskeletal protein
3176171at2759,764787at2759,Kif3c,41,922,cytoskeletal protein
3176171at2759,4943864at2759,Kif3c,41,922,cytoskeletal protein
3176171at2759,802334at2759,Kif3c,41,922,cytoskeletal protein
3176171at2759,4846658at2759,Kif3c,41,922,cytoskeletal protein
3176171at2759,4995816at2759,Kif3c,41,922,cytoskeletal protein
3176171at2759,4804806at2759,Kif3c,41,922,cytoskeletal protein
3176171at2759,4956534at2759,Kif3c,41,922,cytoskeletal protein
3176171at2759,4768494at2759,Kif3c,41,922,cytoskeletal protein
3176171at2759,4769783at2759,Kif3c,41,922,cytoskeletal protein
3176171at2759,1797514at2759,Kif3c,41,922,cytoskeletal protein
3176171at2759,247346at2759,Kif3c,41,922,cytoskeletal protein
3176171at2759,4784558at2759,Kif3c,41,922,cytoskeletal protein
3176171at2759,4781813at2759,Kif3c,41,922,cytoskeletal protein
3176171at2759,2711839at2759,Kif3c,41,922,cytoskeletal protein
3176171at2759,5017702at2759,Kif3c,41,922,cytoskeletal protein
3176171at2759,4780311at2759,Kif3c,41,922,cytoskeletal protein
3176171at2759,807075at2759,Kif3c,41,922,cytoskeletal protein
3176171at2759,4771338at2759,Kif3c,41,922,cytoskeletal protein
3176171at2759,4878996at2759,Kif3c,41,922,cytoskeletal protein
3176171at2759,357248at2759,Kif3c,41,922,cytoskeletal protein
3176171at2759,753378at2759,Kif3c,41,922,cytoskeletal protein
3176171at2759,414207at2759,Kif3c,41,922,cytoskeletal protein
3176171at2759,4980087at2759,Kif3c,41,922,cytoskeletal protein
3176171at2759,2711103at2759,Kif3c,41,922,cytoskeletal protein
3176171at2759,4844056at2759,Kif3c,41,922,cytoskeletal protein
3176171at2759,4818322at2759,Kif3c,41,922,cytoskeletal protein
3176171at2759,4894767at2759,Kif3c,41,922,cytoskeletal protein
3176171at2759,4935402at2759,Kif3c,41,922,cytoskeletal protein
3176171at2759,4935023at2759,Kif3c,41,922,cytoskeletal protein
3176171at2759,761151at2759,Kif3c,41,922,cytoskeletal protein
3176171at2759,4933527at2759,Kif3c,41,922,cytoskeletal protein
3176171at2759,4759997at2759,Kif3c,41,922,cytoskeletal protein
3176171at2759,808728at2759,Kif3c,41,922,cytoskeletal protein
3176171at2759,323983at2759,Kif3c,41,922,cytoskeletal protein
3176171at2759,4848289at2759,Kif3c,41,922,cytoskeletal protein
3176171at2759,3309187at2759,Kif3c,41,922,cytoskeletal protein
3176171at2759,4935002at2759,Kif3c,41,922,cytoskeletal protein
336885at2759,5005779at2759,PolA2,1,32,DNA metabolism
336885at2759,4901316at2759,PolA2,1,32,DNA metabolism
336885at2759,4941124at2759,PolA2,1,32,DNA metabolism
340346at2759,4921266at2759,PPP4R1,5,104,protein-binding activity modulator
340346at2759,4929972at2759,PPP4R1,5,104,protein-binding activity modulator
340346at2759,3700114at2759,PPP4R1,5,104,protein-binding activity modulator
340346at2759,4929566at2759,PPP4R1,5,104,protein-binding activity modulator
340346at2759,4922588at2759,PPP4R1,5,104,protein-binding activity modulator
340346at2759,4823115at2759,PPP4R1,5,104,protein-binding activity modulator
340346at2759,4895713at2759,PPP4R1,5,104,protein-binding activity modulator
340346at2759,4940575at2759,PPP4R1,5,104,protein-binding activity modulator
340346at2759,2740328at2759,PPP4R1,5,104,protein-binding activity modulator
340608at2759,5013833at2759,YNR048W,2,76,Unclassified
340608at2759,4887229at2759,YNR048W,2,76,Unclassified
340608at2759,2740218at2759,YNR048W,2,76,Unclassified
340608at2759,4927884at2759,YNR048W,2,76,Unclassified
340608at2759,767321at2759,YNR048W,2,76,Unclassified
340608at2759,4888077at2759,YNR048W,2,76,Unclassified
340608at2759,4903991at2759,YNR048W,2,76,Unclassified
342024at2759,5014569at2759,HBS1,5,109,translational protein
342024at2759,2711272at2759,HBS1,5,109,translational protein
342024at2759,4775188at2759,HBS1,5,109,translational protein
342024at2759,4845126at2759,HBS1,5,109,translational protein
342024at2759,5015732at2759,HBS1,5,109,translational protein
342024at2759,4887855at2759,HBS1,5,109,translational protein
342024at2759,4725666at2759,HBS1,5,109,translational protein
342024at2759,2747387at2759,HBS1,5,109,translational protein
342024at2759,730610at2759,HBS1,5,109,translational protein
342024at2759,1194326at2759,HBS1,5,109,translational protein
342024at2759,766878at2759,HBS1,5,109,translational protein
364224at2759,1362897at2759,SEH1L,3,62,transporter
364224at2759,616817at2759,SEH1L,3,62,transporter
364224at2759,757725at2759,SEH1L,3,62,transporter
364224at2759,4883215at2759,SEH1L,3,62,transporter
364892at2759,4858627at2759,SNU114,4,161,translational protein
364892at2759,5004172at2759,SNU114,4,161,translational protein
364892at2759,4973646at2759,SNU114,4,161,translational protein
364892at2759,2196551at2759,SNU114,4,161,translational protein
364892at2759,1976787at2759,SNU114,4,161,translational protein
364892at2759,4972221at2759,SNU114,4,161,translational protein
364892at2759,761162at2759,SNU114,4,161,translational protein
364892at2759,4833829at2759,SNU114,4,161,translational protein
364892at2759,4894940at2759,SNU114,4,161,translational protein
364892at2759,4725109at2759,SNU114,4,161,translational protein
364892at2759,4945856at2759,SNU114,4,161,translational protein
364892at2759,2131848at2759,SNU114,4,161,translational protein
372421at2759,5006057at2759,DIS3,3,86,RNA metabolism
372421at2759,2591066at2759,DIS3,3,86,RNA metabolism
372421at2759,5001428at2759,DIS3,3,86,RNA metabolism
372421at2759,5017491at2759,DIS3,3,86,RNA metabolism
372421at2759,4896220at2759,DIS3,3,86,RNA metabolism
372421at2759,5017392at2759,DIS3,3,86,RNA metabolism
372421at2759,4883442at2759,DIS3,3,86,RNA metabolism
372421at2759,770174at2759,DIS3,3,86,RNA metabolism
372487at2759,640992at2759,xrn,3,102,RNA metabolism
372487at2759,4881111at2759,xrn,3,102,RNA metabolism
372487at2759,536241at2759,xrn,3,102,RNA metabolism
372487at2759,5018925at2759,xrn,3,102,RNA metabolism
372487at2759,4972752at2759,xrn,3,102,RNA metabolism
372487at2759,5020180at2759,xrn,3,102,RNA metabolism
372487at2759,4914519at2759,xrn,3,102,RNA metabolism
372487at2759,639097at2759,xrn,3,102,RNA metabolism
372487at2759,767536at2759,xrn,3,102,RNA metabolism
372487at2759,4930225at2759,xrn,3,102,RNA metabolism
372487at2759,3077938at2759,xrn,3,102,RNA metabolism
3763at2759,5004094at2759,Pold2,1,35,DNA metabolism
3763at2759,2740352at2759,Pold2,1,35,DNA metabolism
3763at2759,721769at2759,Pold2,1,35,DNA metabolism
3763at2759,2748025at2759,Pold2,1,35,DNA metabolism
377733at2759,2074138at2759,ATP10A,17,259,transporter
377733at2759,4974037at2759,ATP10A,17,259,transporter
377733at2759,5015418at2759,ATP10A,17,259,transporter
377733at2759,2692428at2759,ATP10A,17,259,transporter
377733at2759,4921606at2759,ATP10A,17,259,transporter
377733at2759,5013707at2759,ATP10A,17,259,transporter
377733at2759,4892349at2759,ATP10A,17,259,transporter
377733at2759,5015953at2759,ATP10A,17,259,transporter
377733at2759,4835195at2759,ATP10A,17,259,transporter
377733at2759,755056at2759,ATP10A,17,259,transporter
377733at2759,4770370at2759,ATP10A,17,259,transporter
377733at2759,540745at2759,ATP10A,17,259,transporter
377733at2759,4893803at2759,ATP10A,17,259,transporter
377733at2759,4792124at2759,ATP10A,17,259,transporter
377733at2759,5024030at2759,ATP10A,17,259,transporter
377733at2759,4816493at2759,ATP10A,17,259,transporter
377733at2759,290195at2759,ATP10A,17,259,transporter
377733at2759,417209at2759,ATP10A,17,259,transporter
405996at2759,4944537at2759,SAC1,4,144,metabolite interconversion enzyme
405996at2759,2189935at2759,SAC1,4,144,metabolite interconversion enzyme
405996at2759,2195134at2759,SAC1,4,144,metabolite interconversion enzyme
405996at2759,5018071at2759,SAC1,4,144,metabolite interconversion enzyme
405996at2759,525560at2759,SAC1,4,144,metabolite interconversion enzyme
405996at2759,4911343at2759,SAC1,4,144,metabolite interconversion enzyme
405996at2759,5017997at2759,SAC1,4,144,metabolite interconversion enzyme
405996at2759,429505at2759,SAC1,4,144,metabolite interconversion enzyme
405996at2759,1978450at2759,SAC1,4,144,metabolite interconversion enzyme
405996at2759,4766246at2759,SAC1,4,144,metabolite interconversion enzyme
405996at2759,3745658at2759,SAC1,4,144,metabolite interconversion enzyme
405996at2759,4929587at2759,SAC1,4,144,metabolite interconversion enzyme
405996at2759,531663at2759,SAC1,4,144,metabolite interconversion enzyme
405996at2759,273515at2759,SAC1,4,144,metabolite interconversion enzyme
405996at2759,2813334at2759,SAC1,4,144,metabolite interconversion enzyme
405996at2759,5016748at2759,SAC1,4,144,metabolite interconversion enzyme
405996at2759,281570at2759,SAC1,4,144,metabolite interconversion enzyme
407658at2759,5000111at2759,MNN10,1,76,metabolite interconversion enzyme
407658at2759,1674584at2759,MNN10,1,76,metabolite interconversion enzyme
407658at2759,638186at2759,MNN10,1,76,metabolite interconversion enzyme
407658at2759,481559at2759,MNN10,1,76,metabolite interconversion enzyme
407658at2759,629382at2759,MNN10,1,76,metabolite interconversion enzyme
407658at2759,758192at2759,MNN10,1,76,metabolite interconversion enzyme
407658at2759,4999862at2759,MNN10,1,76,metabolite interconversion enzyme
407658at2759,4601704at2759,MNN10,1,76,metabolite interconversion enzyme
407658at2759,583404at2759,MNN10,1,76,metabolite interconversion enzyme
407658at2759,543615at2759,MNN10,1,76,metabolite interconversion enzyme
407658at2759,4846092at2759,MNN10,1,76,metabolite interconversion enzyme
407658at2759,5024104at2759,MNN10,1,76,metabolite interconversion enzyme
407658at2759,4806348at2759,MNN10,1,76,metabolite interconversion enzyme
407658at2759,743968at2759,MNN10,1,76,metabolite interconversion enzyme
411372at2759,4880905at2759,ZC3H8,8,173,gene-specific transcriptional regulator
411372at2759,2696685at2759,ZC3H8,8,173,gene-specific transcriptional regulator
411372at2759,2712458at2759,ZC3H8,8,173,gene-specific transcriptional regulator
411372at2759,4822122at2759,ZC3H8,8,173,gene-specific transcriptional regulator
411372at2759,594465at2759,ZC3H8,8,173,gene-specific transcriptional regulator
411372at2759,5019246at2759,ZC3H8,8,173,gene-specific transcriptional regulator
411372at2759,672413at2759,ZC3H8,8,173,gene-specific transcriptional regulator
411372at2759,2482546at2759,ZC3H8,8,173,gene-specific transcriptional regulator
411372at2759,5012795at2759,ZC3H8,8,173,gene-specific transcriptional regulator
411372at2759,4826408at2759,ZC3H8,8,173,gene-specific transcriptional regulator
411372at2759,4294131at2759,ZC3H8,8,173,gene-specific transcriptional regulator
411372at2759,3308705at2759,ZC3H8,8,173,gene-specific transcriptional regulator
411372at2759,304029at2759,ZC3H8,8,173,gene-specific transcriptional regulator
411372at2759,3506837at2759,ZC3H8,8,173,gene-specific transcriptional regulator
411372at2759,2007503at2759,ZC3H8,8,173,gene-specific transcriptional regulator
411372at2759,794642at2759,ZC3H8,8,173,gene-specific transcriptional regulator
411372at2759,795344at2759,ZC3H8,8,173,gene-specific transcriptional regulator
411372at2759,548297at2759,ZC3H8,8,173,gene-specific transcriptional regulator
411372at2759,4679792at2759,ZC3H8,8,173,gene-specific transcriptional regulator
411372at2759,2839210at2759,ZC3H8,8,173,gene-specific transcriptional regulator
411372at2759,4315432at2759,ZC3H8,8,173,gene-specific transcriptional regulator
411372at2759,2503597at2759,ZC3H8,8,173,gene-specific transcriptional regulator
411372at2759,2671620at2759,ZC3H8,8,173,gene-specific transcriptional regulator
411372at2759,5004480at2759,ZC3H8,8,173,gene-specific transcriptional regulator
411372at2759,4777175at2759,ZC3H8,8,173,gene-specific transcriptional regulator
411372at2759,253406at2759,ZC3H8,8,173,gene-specific transcriptional regulator
411372at2759,772525at2759,ZC3H8,8,173,gene-specific transcriptional regulator
411372at2759,1158012at2759,ZC3H8,8,173,gene-specific transcriptional regulator
411372at2759,4785474at2759,ZC3H8,8,173,gene-specific transcriptional regulator
411372at2759,762521at2759,ZC3H8,8,173,gene-specific transcriptional regulator
412748at2759,4984478at2759,PAP1,3,56,RNA metabolism
412748at2759,703914at2759,PAP1,3,56,RNA metabolism
412748at2759,4815823at2759,PAP1,3,56,RNA metabolism
413460at2759,4903689at2759,ERCC6,5,108,DNA metabolism
413460at2759,4836213at2759,ERCC6,5,108,DNA metabolism
413460at2759,656889at2759,ERCC6,5,108,DNA metabolism
413460at2759,4846129at2759,ERCC6,5,108,DNA metabolism
413460at2759,4822276at2759,ERCC6,5,108,DNA metabolism
413460at2759,5017424at2759,ERCC6,5,108,DNA metabolism
413460at2759,4922780at2759,ERCC6,5,108,DNA metabolism
413460at2759,5019022at2759,ERCC6,5,108,DNA metabolism
413460at2759,802487at2759,ERCC6,5,108,DNA metabolism
413460at2759,4913368at2759,ERCC6,5,108,DNA metabolism
413460at2759,2914358at2759,ERCC6,5,108,DNA metabolism
413460at2759,4805860at2759,ERCC6,5,108,DNA metabolism
413460at2759,3390388at2759,ERCC6,5,108,DNA metabolism
413460at2759,2604395at2759,ERCC6,5,108,DNA metabolism
413460at2759,4976817at2759,ERCC6,5,108,DNA metabolism
413460at2759,5017301at2759,ERCC6,5,108,DNA metabolism
415696at2759,5015510at2759,GRX3,3,98,metabolite interconversion enzyme
415696at2759,4791376at2759,GRX3,3,98,metabolite interconversion enzyme
415696at2759,4982168at2759,GRX3,3,98,metabolite interconversion enzyme
415696at2759,4885062at2759,GRX3,3,98,metabolite interconversion enzyme
415696at2759,801690at2759,GRX3,3,98,metabolite interconversion enzyme
415696at2759,4882485at2759,GRX3,3,98,metabolite interconversion enzyme
417078at2759,4907210at2759,BCY1,5,156,protein-binding activity modulator
417078at2759,4923839at2759,BCY1,5,156,protein-binding activity modulator
417078at2759,4763844at2759,BCY1,5,156,protein-binding activity modulator
417078at2759,4930555at2759,BCY1,5,156,protein-binding activity modulator
417078at2759,4892794at2759,BCY1,5,156,protein-binding activity modulator
417078at2759,4836839at2759,BCY1,5,156,protein-binding activity modulator
417078at2759,4812801at2759,BCY1,5,156,protein-binding activity modulator
417078at2759,3145686at2759,BCY1,5,156,protein-binding activity modulator
417078at2759,4921598at2759,BCY1,5,156,protein-binding activity modulator
417078at2759,2711601at2759,BCY1,5,156,protein-binding activity modulator
417078at2759,4431732at2759,BCY1,5,156,protein-binding activity modulator
417078at2759,4887374at2759,BCY1,5,156,protein-binding activity modulator
417078at2759,4839611at2759,BCY1,5,156,protein-binding activity modulator
417078at2759,4923761at2759,BCY1,5,156,protein-binding activity modulator
417078at2759,2694123at2759,BCY1,5,156,protein-binding activity modulator
417078at2759,4926032at2759,BCY1,5,156,protein-binding activity modulator
417078at2759,4810168at2759,BCY1,5,156,protein-binding activity modulator
417078at2759,4895586at2759,BCY1,5,156,protein-binding activity modulator
417078at2759,2695265at2759,BCY1,5,156,protein-binding activity modulator
417078at2759,2686862at2759,BCY1,5,156,protein-binding activity modulator
417078at2759,564844at2759,BCY1,5,156,protein-binding activity modulator
417078at2759,4925486at2759,BCY1,5,156,protein-binding activity modulator
417078at2759,4809857at2759,BCY1,5,156,protein-binding activity modulator
417078at2759,4930473at2759,BCY1,5,156,protein-binding activity modulator
417078at2759,350625at2759,BCY1,5,156,protein-binding activity modulator
417078at2759,4923720at2759,BCY1,5,156,protein-binding activity modulator
417078at2759,4884924at2759,BCY1,5,156,protein-binding activity modulator
417078at2759,4841471at2759,BCY1,5,156,protein-binding activity modulator
417078at2759,4920756at2759,BCY1,5,156,protein-binding activity modulator
417078at2759,4886203at2759,BCY1,5,156,protein-binding activity modulator
417078at2759,4841349at2759,BCY1,5,156,protein-binding activity modulator
417078at2759,4817513at2759,BCY1,5,156,protein-binding activity modulator
417078at2759,4820710at2759,BCY1,5,156,protein-binding activity modulator
419317at2759,2290370at2759,RAD23,3,85,DNA metabolism
419317at2759,5015996at2759,RAD23,3,85,DNA metabolism
419317at2759,4896210at2759,RAD23,3,85,DNA metabolism
419317at2759,4938103at2759,RAD23,3,85,DNA metabolism
419317at2759,4999350at2759,RAD23,3,85,DNA metabolism
419317at2759,4939667at2759,RAD23,3,85,DNA metabolism
419317at2759,335418at2759,RAD23,3,85,DNA metabolism
419317at2759,4887488at2759,RAD23,3,85,DNA metabolism
419317at2759,2735659at2759,RAD23,3,85,DNA metabolism
419317at2759,4718167at2759,RAD23,3,85,DNA metabolism
419317at2759,720674at2759,RAD23,3,85,DNA metabolism
419317at2759,5013682at2759,RAD23,3,85,DNA metabolism
419317at2759,4381131at2759,RAD23,3,85,DNA metabolism
419317at2759,4824851at2759,RAD23,3,85,DNA metabolism
419317at2759,753677at2759,RAD23,3,85,DNA metabolism
419317at2759,1716013at2759,RAD23,3,85,DNA metabolism
419317at2759,589487at2759,RAD23,3,85,DNA metabolism
419317at2759,103144at2759,RAD23,3,85,DNA metabolism
419317at2759,313890at2759,RAD23,3,85,DNA metabolism
4199794at2759,3514176at2759,RfC4,1,93,DNA metabolism
4199794at2759,5013870at2759,RfC4,1,93,DNA metabolism
422728at2759,676568at2759,UFD1,3,69,Unclassified
422728at2759,4896118at2759,UFD1,3,69,Unclassified
422728at2759,1605759at2759,UFD1,3,69,Unclassified
422728at2759,3360719at2759,UFD1,3,69,Unclassified
422728at2759,447966at2759,UFD1,3,69,Unclassified
422728at2759,4923689at2759,UFD1,3,69,Unclassified
422728at2759,4901123at2759,UFD1,3,69,Unclassified
422728at2759,4787543at2759,UFD1,3,69,Unclassified
422728at2759,4923277at2759,UFD1,3,69,Unclassified
422728at2759,669990at2759,UFD1,3,69,Unclassified
424572at2759,4888561at2759,GCD6,1,44,translational protein
424572at2759,4841866at2759,GCD6,1,44,translational protein
424572at2759,5000827at2759,GCD6,1,44,translational protein
424572at2759,505121at2759,GCD6,1,44,translational protein
424572at2759,4811230at2759,GCD6,1,44,translational protein
424572at2759,5020327at2759,GCD6,1,44,translational protein
424572at2759,4814617at2759,GCD6,1,44,translational protein
424572at2759,4816641at2759,GCD6,1,44,translational protein
424572at2759,110070at2759,GCD6,1,44,translational protein
427280at2759,5002605at2759,Pdia3,5,120,chaperone
427280at2759,165371at2759,Pdia3,5,120,chaperone
427280at2759,4913474at2759,Pdia3,5,120,chaperone
427280at2759,3363644at2759,Pdia3,5,120,chaperone
427280at2759,4999391at2759,Pdia3,5,120,chaperone
427280at2759,411170at2759,Pdia3,5,120,chaperone
427280at2759,633605at2759,Pdia3,5,120,chaperone
427280at2759,5019909at2759,Pdia3,5,120,chaperone
427280at2759,4847580at2759,Pdia3,5,120,chaperone
427280at2759,4918743at2759,Pdia3,5,120,chaperone
427280at2759,4817289at2759,Pdia3,5,120,chaperone
427280at2759,759225at2759,Pdia3,5,120,chaperone
427280at2759,4804397at2759,Pdia3,5,120,chaperone
427280at2759,4895865at2759,Pdia3,5,120,chaperone
427280at2759,3170771at2759,Pdia3,5,120,chaperone
427280at2759,5017687at2759,Pdia3,5,120,chaperone
427280at2759,3121155at2759,Pdia3,5,120,chaperone
427280at2759,4922717at2759,Pdia3,5,120,chaperone
427280at2759,545724at2759,Pdia3,5,120,chaperone
427280at2759,4921802at2759,Pdia3,5,120,chaperone
427280at2759,4951803at2759,Pdia3,5,120,chaperone
427280at2759,163310at2759,Pdia3,5,120,chaperone
427280at2759,5019269at2759,Pdia3,5,120,chaperone
427280at2759,4842483at2759,Pdia3,5,120,chaperone
427795at2759,5004153at2759,Rbbp7,2,82,Unclassified
427795at2759,4974732at2759,Rbbp7,2,82,Unclassified
427795at2759,3706337at2759,Rbbp7,2,82,Unclassified
427795at2759,2911468at2759,Rbbp7,2,82,Unclassified
427795at2759,5017124at2759,Rbbp7,2,82,Unclassified
427795at2759,2707563at2759,Rbbp7,2,82,Unclassified
427795at2759,4552916at2759,Rbbp7,2,82,Unclassified
427795at2759,4916345at2759,Rbbp7,2,82,Unclassified
427795at2759,4923581at2759,Rbbp7,2,82,Unclassified
427795at2759,1693545at2759,Rbbp7,2,82,Unclassified
428577at2759,4888761at2759,Nlrp1b,13,334,metabolite interconversion enzyme
428577at2759,1151840at2759,Nlrp1b,13,334,metabolite interconversion enzyme
428577at2759,2238966at2759,Nlrp1b,13,334,metabolite interconversion enzyme
428577at2759,3502941at2759,Nlrp1b,13,334,metabolite interconversion enzyme
428577at2759,5012426at2759,Nlrp1b,13,334,metabolite interconversion enzyme
428577at2759,4991739at2759,Nlrp1b,13,334,metabolite interconversion enzyme
428577at2759,4731775at2759,Nlrp1b,13,334,metabolite interconversion enzyme
428577at2759,5014578at2759,Nlrp1b,13,334,metabolite interconversion enzyme
428577at2759,4660608at2759,Nlrp1b,13,334,metabolite interconversion enzyme
428577at2759,4852996at2759,Nlrp1b,13,334,metabolite interconversion enzyme
428577at2759,766534at2759,Nlrp1b,13,334,metabolite interconversion enzyme
428577at2759,191578at2759,Nlrp1b,13,334,metabolite interconversion enzyme
428577at2759,5003026at2759,Nlrp1b,13,334,metabolite interconversion enzyme
428577at2759,4177038at2759,Nlrp1b,13,334,metabolite interconversion enzyme
428577at2759,4706422at2759,Nlrp1b,13,334,metabolite interconversion enzyme
428577at2759,673208at2759,Nlrp1b,13,334,metabolite interconversion enzyme
428577at2759,767317at2759,Nlrp1b,13,334,metabolite interconversion enzyme
428577at2759,5014288at2759,Nlrp1b,13,334,metabolite interconversion enzyme
428577at2759,4850380at2759,Nlrp1b,13,334,metabolite interconversion enzyme
428577at2759,3972392at2759,Nlrp1b,13,334,metabolite interconversion enzyme
428577at2759,334799at2759,Nlrp1b,13,334,metabolite interconversion enzyme
428577at2759,4780363at2759,Nlrp1b,13,334,metabolite interconversion enzyme
428577at2759,1673148at2759,Nlrp1b,13,334,metabolite interconversion enzyme
428577at2759,4807502at2759,Nlrp1b,13,334,metabolite interconversion enzyme
428577at2759,2091890at2759,Nlrp1b,13,334,metabolite interconversion enzyme
428577at2759,1653645at2759,Nlrp1b,13,334,metabolite interconversion enzyme
428577at2759,345912at2759,Nlrp1b,13,334,metabolite interconversion enzyme
428577at2759,2613112at2759,Nlrp1b,13,334,metabolite interconversion enzyme
428577at2759,4823452at2759,Nlrp1b,13,334,metabolite interconversion enzyme
428577at2759,263112at2759,Nlrp1b,13,334,metabolite interconversion enzyme
428577at2759,325910at2759,Nlrp1b,13,334,metabolite interconversion enzyme
428577at2759,4960085at2759,Nlrp1b,13,334,metabolite interconversion enzyme
428577at2759,101915at2759,Nlrp1b,13,334,metabolite interconversion enzyme
428577at2759,5018997at2759,Nlrp1b,13,334,metabolite interconversion enzyme
428577at2759,5020061at2759,Nlrp1b,13,334,metabolite interconversion enzyme
428577at2759,676229at2759,Nlrp1b,13,334,metabolite interconversion enzyme
428577at2759,3724116at2759,Nlrp1b,13,334,metabolite interconversion enzyme
428577at2759,293641at2759,Nlrp1b,13,334,metabolite interconversion enzyme
428577at2759,807693at2759,Nlrp1b,13,334,metabolite interconversion enzyme
428577at2759,4114630at2759,Nlrp1b,13,334,metabolite interconversion enzyme
428577at2759,4772174at2759,Nlrp1b,13,334,metabolite interconversion enzyme
428577at2759,306328at2759,Nlrp1b,13,334,metabolite interconversion enzyme
428577at2759,4941695at2759,Nlrp1b,13,334,metabolite interconversion enzyme
428577at2759,142287at2759,Nlrp1b,13,334,metabolite interconversion enzyme
428577at2759,4850743at2759,Nlrp1b,13,334,metabolite interconversion enzyme
428577at2759,4808807at2759,Nlrp1b,13,334,metabolite interconversion enzyme
428577at2759,4940501at2759,Nlrp1b,13,334,metabolite interconversion enzyme
428577at2759,409584at2759,Nlrp1b,13,334,metabolite interconversion enzyme
428577at2759,4829158at2759,Nlrp1b,13,334,metabolite interconversion enzyme
428577at2759,4945634at2759,Nlrp1b,13,334,metabolite interconversion enzyme
428577at2759,4960729at2759,Nlrp1b,13,334,metabolite interconversion enzyme
428577at2759,775997at2759,Nlrp1b,13,334,metabolite interconversion enzyme
428577at2759,800906at2759,Nlrp1b,13,334,metabolite interconversion enzyme
428577at2759,2622489at2759,Nlrp1b,13,334,metabolite interconversion enzyme
428577at2759,1669176at2759,Nlrp1b,13,334,metabolite interconversion enzyme
428577at2759,5016568at2759,Nlrp1b,13,334,metabolite interconversion enzyme
428577at2759,2181277at2759,Nlrp1b,13,334,metabolite interconversion enzyme
428577at2759,4800350at2759,Nlrp1b,13,334,metabolite interconversion enzyme
428577at2759,4441973at2759,Nlrp1b,13,334,metabolite interconversion enzyme
428577at2759,4750137at2759,Nlrp1b,13,334,metabolite interconversion enzyme
429533at2759,4969676at2759,PUP1,3,40,protein modifying enzyme
429533at2759,4999315at2759,PUP1,3,40,protein modifying enzyme
430051at2759,4969841at2759,top,3,65,DNA metabolism
430051at2759,4973048at2759,top,3,65,DNA metabolism
430051at2759,5015843at2759,top,3,65,DNA metabolism
430051at2759,5010947at2759,top,3,65,DNA metabolism
430051at2759,3343380at2759,top,3,65,DNA metabolism
430051at2759,4929319at2759,top,3,65,DNA metabolism
430051at2759,1732564at2759,top,3,65,DNA metabolism
430051at2759,5006168at2759,top,3,65,DNA metabolism
431557at2759,5012732at2759,Prosalpha6,5,230,protein modifying enzyme
431557at2759,352891at2759,Prosalpha6,5,230,protein modifying enzyme
431557at2759,4971251at2759,Prosalpha6,5,230,protein modifying enzyme
431557at2759,218052at2759,Prosalpha6,5,230,protein modifying enzyme
431557at2759,495340at2759,Prosalpha6,5,230,protein modifying enzyme
431557at2759,2587938at2759,Prosalpha6,5,230,protein modifying enzyme
431557at2759,4848977at2759,Prosalpha6,5,230,protein modifying enzyme
431715at2759,4983000at2759,UTP15,1,37,RNA metabolism
431715at2759,4905378at2759,UTP15,1,37,RNA metabolism
431715at2759,262968at2759,UTP15,1,37,RNA metabolism
431715at2759,1963191at2759,UTP15,1,37,RNA metabolism
441223at2759,115730at2759,KRR1,1,33,RNA metabolism
446168at2759,1665555at2759,RFC1,1,46,DNA metabolism
446168at2759,5003817at2759,RFC1,1,46,DNA metabolism
446168at2759,5030096at2759,RFC1,1,46,DNA metabolism
446168at2759,4896904at2759,RFC1,1,46,DNA metabolism
446168at2759,4887350at2759,RFC1,1,46,DNA metabolism
448448at2759,4889273at2759,RAD16,3,203,Unclassified
448448at2759,4579358at2759,RAD16,3,203,Unclassified
448448at2759,5019987at2759,RAD16,3,203,Unclassified
448448at2759,4841968at2759,RAD16,3,203,Unclassified
448448at2759,770361at2759,RAD16,3,203,Unclassified
448448at2759,1758013at2759,RAD16,3,203,Unclassified
448448at2759,5005824at2759,RAD16,3,203,Unclassified
448448at2759,2462074at2759,RAD16,3,203,Unclassified
448448at2759,1791419at2759,RAD16,3,203,Unclassified
448448at2759,2661872at2759,RAD16,3,203,Unclassified
448448at2759,4451026at2759,RAD16,3,203,Unclassified
448448at2759,2277302at2759,RAD16,3,203,Unclassified
448448at2759,4843258at2759,RAD16,3,203,Unclassified
448448at2759,4946279at2759,RAD16,3,203,Unclassified
448448at2759,4696664at2759,RAD16,3,203,Unclassified
448448at2759,1757198at2759,RAD16,3,203,Unclassified
448448at2759,1532960at2759,RAD16,3,203,Unclassified
448448at2759,4788509at2759,RAD16,3,203,Unclassified
448448at2759,220234at2759,RAD16,3,203,Unclassified
448448at2759,1978398at2759,RAD16,3,203,Unclassified
448448at2759,5017597at2759,RAD16,3,203,Unclassified
448448at2759,88984at2759,RAD16,3,203,Unclassified
448448at2759,4887981at2759,RAD16,3,203,Unclassified
448448at2759,4935407at2759,RAD16,3,203,Unclassified
448448at2759,4699211at2759,RAD16,3,203,Unclassified
448448at2759,1953539at2759,RAD16,3,203,Unclassified
448448at2759,4821154at2759,RAD16,3,203,Unclassified
448448at2759,4784965at2759,RAD16,3,203,Unclassified
448448at2759,4458363at2759,RAD16,3,203,Unclassified
448448at2759,4998314at2759,RAD16,3,203,Unclassified
448448at2759,3204757at2759,RAD16,3,203,Unclassified
448448at2759,4888998at2759,RAD16,3,203,Unclassified
448448at2759,2706250at2759,RAD16,3,203,Unclassified
448448at2759,555603at2759,RAD16,3,203,Unclassified
448448at2759,4762538at2759,RAD16,3,203,Unclassified
448448at2759,4894463at2759,RAD16,3,203,Unclassified
49016at2759,4886616at2759,SFB3,5,89,membrane traffic protein
49016at2759,5004504at2759,SFB3,5,89,membrane traffic protein
5061070at2759,5014686at2759,MGM1,6,158,membrane traffic protein
5061070at2759,4444093at2759,MGM1,6,158,membrane traffic protein
5061070at2759,5007178at2759,MGM1,6,158,membrane traffic protein
5061070at2759,1041330at2759,MGM1,6,158,membrane traffic protein
5061070at2759,605312at2759,MGM1,6,158,membrane traffic protein
5061070at2759,5014358at2759,MGM1,6,158,membrane traffic protein
5061070at2759,751865at2759,MGM1,6,158,membrane traffic protein
5061070at2759,720826at2759,MGM1,6,158,membrane traffic protein
5061070at2759,4726931at2759,MGM1,6,158,membrane traffic protein
5061070at2759,749036at2759,MGM1,6,158,membrane traffic protein
5061070at2759,2454014at2759,MGM1,6,158,membrane traffic protein
5061070at2759,4955313at2759,MGM1,6,158,membrane traffic protein
5061070at2759,5014123at2759,MGM1,6,158,membrane traffic protein
5061070at2759,2341509at2759,MGM1,6,158,membrane traffic protein
5061070at2759,4763560at2759,MGM1,6,158,membrane traffic protein
5061070at2759,320472at2759,MGM1,6,158,membrane traffic protein
5061070at2759,4939427at2759,MGM1,6,158,membrane traffic protein
5061070at2759,4660787at2759,MGM1,6,158,membrane traffic protein
5061070at2759,4852002at2759,MGM1,6,158,membrane traffic protein
5061070at2759,2329167at2759,MGM1,6,158,membrane traffic protein
511529at2759,4986044at2759,BRF1,2,44,RNA metabolism
511529at2759,804656at2759,BRF1,2,44,RNA metabolism
5132116at2759,2612692at2759,Arp1,6,149,cytoskeletal protein
5132116at2759,2582758at2759,Arp1,6,149,cytoskeletal protein
5132116at2759,4886497at2759,Arp1,6,149,cytoskeletal protein
5132116at2759,5012414at2759,Arp1,6,149,cytoskeletal protein
5132116at2759,4918643at2759,Arp1,6,149,cytoskeletal protein
5132116at2759,4940276at2759,Arp1,6,149,cytoskeletal protein
5132116at2759,5013102at2759,Arp1,6,149,cytoskeletal protein
5132116at2759,4886866at2759,Arp1,6,149,cytoskeletal protein
5132116at2759,4375230at2759,Arp1,6,149,cytoskeletal protein
5132116at2759,810618at2759,Arp1,6,149,cytoskeletal protein
5132116at2759,5015402at2759,Arp1,6,149,cytoskeletal protein
5132116at2759,4917224at2759,Arp1,6,149,cytoskeletal protein
5132116at2759,5005326at2759,Arp1,6,149,cytoskeletal protein
5132116at2759,4836360at2759,Arp1,6,149,cytoskeletal protein
5132116at2759,4886946at2759,Arp1,6,149,cytoskeletal protein
5132116at2759,4843394at2759,Arp1,6,149,cytoskeletal protein
5132116at2759,3089691at2759,Arp1,6,149,cytoskeletal protein
5132116at2759,3792696at2759,Arp1,6,149,cytoskeletal protein
5132116at2759,4843029at2759,Arp1,6,149,cytoskeletal protein
5132116at2759,4883579at2759,Arp1,6,149,cytoskeletal protein
5132116at2759,586053at2759,Arp1,6,149,cytoskeletal protein
5132116at2759,4893909at2759,Arp1,6,149,cytoskeletal protein
5132116at2759,4912132at2759,Arp1,6,149,cytoskeletal protein
5132116at2759,4256749at2759,Arp1,6,149,cytoskeletal protein
5132116at2759,4696509at2759,Arp1,6,149,cytoskeletal protein
5132116at2759,3640070at2759,Arp1,6,149,cytoskeletal protein
5132116at2759,4805636at2759,Arp1,6,149,cytoskeletal protein
534348at2759,316342at2759,Pcna,1,40,DNA metabolism
534348at2759,753657at2759,Pcna,1,40,DNA metabolism
537915at2759,5024325at2759,Pfkp,3,90,metabolite interconversion enzyme
537915at2759,4906034at2759,Pfkp,3,90,metabolite interconversion enzyme
537915at2759,2684792at2759,Pfkp,3,90,metabolite interconversion enzyme
537915at2759,5001763at2759,Pfkp,3,90,metabolite interconversion enzyme
537915at2759,459394at2759,Pfkp,3,90,metabolite interconversion enzyme
537915at2759,4858563at2759,Pfkp,3,90,metabolite interconversion enzyme
537915at2759,4894259at2759,Pfkp,3,90,metabolite interconversion enzyme
537915at2759,269087at2759,Pfkp,3,90,metabolite interconversion enzyme
542917at2759,5004273at2759,SEC31,2,43,membrane traffic protein
542917at2759,2701246at2759,SEC31,2,43,membrane traffic protein
542917at2759,4942559at2759,SEC31,2,43,membrane traffic protein
550424at2759,770916at2759,Dnajb13,10,191,chaperone
550424at2759,3258271at2759,Dnajb13,10,191,chaperone
550424at2759,242272at2759,Dnajb13,10,191,chaperone
550424at2759,803921at2759,Dnajb13,10,191,chaperone
550424at2759,587161at2759,Dnajb13,10,191,chaperone
550424at2759,4786287at2759,Dnajb13,10,191,chaperone
550424at2759,2922814at2759,Dnajb13,10,191,chaperone
5571054at2759,4996248at2759,ERB1,1,35,translational protein
5571054at2759,5014618at2759,ERB1,1,35,translational protein
5571054at2759,2737496at2759,ERB1,1,35,translational protein
5575062at2759,4936135at2759,SMC1,2,72,Unclassified
5575062at2759,2958551at2759,SMC1,2,72,Unclassified
5575062at2759,4859952at2759,SMC1,2,72,Unclassified
5575062at2759,504291at2759,SMC1,2,72,Unclassified
5575062at2759,800099at2759,SMC1,2,72,Unclassified
5575062at2759,2740707at2759,SMC1,2,72,Unclassified
5575062at2759,4600839at2759,SMC1,2,72,Unclassified
5575062at2759,4914933at2759,SMC1,2,72,Unclassified
5575062at2759,4910322at2759,SMC1,2,72,Unclassified
5575062at2759,4821605at2759,SMC1,2,72,Unclassified
5575062at2759,809841at2759,SMC1,2,72,Unclassified
5575062at2759,771500at2759,SMC1,2,72,Unclassified
5575at2759,5005784at2759,SNRNP200,4,92,scaffold/adaptor protein
5575at2759,635193at2759,SNRNP200,4,92,scaffold/adaptor protein
5575at2759,521290at2759,SNRNP200,4,92,scaffold/adaptor protein
5575at2759,793446at2759,SNRNP200,4,92,scaffold/adaptor protein
5575at2759,2597635at2759,SNRNP200,4,92,scaffold/adaptor protein
5800476at2759,533331at2759,CkIalpha,8,117,protein modifying enzyme
5800476at2759,5015193at2759,CkIalpha,8,117,protein modifying enzyme
5800476at2759,311373at2759,CkIalpha,8,117,protein modifying enzyme
5800476at2759,273660at2759,CkIalpha,8,117,protein modifying enzyme
5800476at2759,4822216at2759,CkIalpha,8,117,protein modifying enzyme
5800476at2759,2894919at2759,CkIalpha,8,117,protein modifying enzyme
5800476at2759,4466674at2759,CkIalpha,8,117,protein modifying enzyme
5800476at2759,609410at2759,CkIalpha,8,117,protein modifying enzyme
5800476at2759,4919071at2759,CkIalpha,8,117,protein modifying enzyme
5800476at2759,4725818at2759,CkIalpha,8,117,protein modifying enzyme
5800476at2759,166941at2759,CkIalpha,8,117,protein modifying enzyme
5800476at2759,2899727at2759,CkIalpha,8,117,protein modifying enzyme
5800476at2759,292629at2759,CkIalpha,8,117,protein modifying enzyme
5800476at2759,4916875at2759,CkIalpha,8,117,protein modifying enzyme
5800476at2759,2917249at2759,CkIalpha,8,117,protein modifying enzyme
5800476at2759,2906343at2759,CkIalpha,8,117,protein modifying enzyme
5800476at2759,4835915at2759,CkIalpha,8,117,protein modifying enzyme
5800476at2759,321389at2759,CkIalpha,8,117,protein modifying enzyme
5839at2759,660235at2759,PSMG3,3,140,chaperone
5839at2759,5003622at2759,PSMG3,3,140,chaperone
5839at2759,5016615at2759,PSMG3,3,140,chaperone
5839at2759,5000727at2759,PSMG3,3,140,chaperone
5839at2759,762018at2759,PSMG3,3,140,chaperone
5839at2759,5014734at2759,PSMG3,3,140,chaperone
5839at2759,2573904at2759,PSMG3,3,140,chaperone
5839at2759,4678033at2759,PSMG3,3,140,chaperone
5839at2759,596430at2759,PSMG3,3,140,chaperone
5839at2759,85000at2759,PSMG3,3,140,chaperone
5839at2759,4765099at2759,PSMG3,3,140,chaperone
5839at2759,4807656at2759,PSMG3,3,140,chaperone
5839at2759,4781396at2759,PSMG3,3,140,chaperone
5857104at2759,641346at2759,CHD3,13,248,chromatin/regulatory
5857104at2759,5017659at2759,CHD3,13,248,chromatin/regulatory
5857104at2759,4726798at2759,CHD3,13,248,chromatin/regulatory
5857104at2759,2669466at2759,CHD3,13,248,chromatin/regulatory
5857104at2759,4289268at2759,CHD3,13,248,chromatin/regulatory
5857104at2759,4924205at2759,CHD3,13,248,chromatin/regulatory
5857104at2759,4887819at2759,CHD3,13,248,chromatin/regulatory
5857104at2759,4948396at2759,CHD3,13,248,chromatin/regulatory
5857104at2759,4562951at2759,CHD3,13,248,chromatin/regulatory
5857104at2759,4762269at2759,CHD3,13,248,chromatin/regulatory
5857104at2759,5002053at2759,CHD3,13,248,chromatin/regulatory
5857104at2759,637598at2759,CHD3,13,248,chromatin/regulatory
5857104at2759,792669at2759,CHD3,13,248,chromatin/regulatory
5857104at2759,1534540at2759,CHD3,13,248,chromatin/regulatory
5857104at2759,609528at2759,CHD3,13,248,chromatin/regulatory
5857104at2759,4928916at2759,CHD3,13,248,chromatin/regulatory
5857104at2759,4815632at2759,CHD3,13,248,chromatin/regulatory
5857104at2759,2712193at2759,CHD3,13,248,chromatin/regulatory
5857104at2759,804111at2759,CHD3,13,248,chromatin/regulatory
5857104at2759,789168at2759,CHD3,13,248,chromatin/regulatory
5857104at2759,644546at2759,CHD3,13,248,chromatin/regulatory
5857104at2759,4781493at2759,CHD3,13,248,chromatin/regulatory
5857104at2759,4243585at2759,CHD3,13,248,chromatin/regulatory
5857104at2759,3640008at2759,CHD3,13,248,chromatin/regulatory
5857104at2759,552380at2759,CHD3,13,248,chromatin/regulatory
590761at2759,5020249at2759,EIF4E,4,98,translational protein
590761at2759,2734579at2759,EIF4E,4,98,translational protein
590761at2759,5016216at2759,EIF4E,4,98,translational protein
590761at2759,455154at2759,EIF4E,4,98,translational protein
6108017at2759,4228295at2759,MYO4,24,300,cytoskeletal protein
6108017at2759,746869at2759,MYO4,24,300,cytoskeletal protein
6108017at2759,750845at2759,MYO4,24,300,cytoskeletal protein
6108017at2759,1409138at2759,MYO4,24,300,cytoskeletal protein
6108017at2759,4813220at2759,MYO4,24,300,cytoskeletal protein
6108017at2759,5001857at2759,MYO4,24,300,cytoskeletal protein
6108017at2759,4763621at2759,MYO4,24,300,cytoskeletal protein
6108017at2759,4588649at2759,MYO4,24,300,cytoskeletal protein
6108017at2759,4807941at2759,MYO4,24,300,cytoskeletal protein
6108017at2759,5013316at2759,MYO4,24,300,cytoskeletal protein
6108017at2759,4078426at2759,MYO4,24,300,cytoskeletal protein
6108017at2759,2703587at2759,MYO4,24,300,cytoskeletal protein
6108017at2759,803547at2759,MYO4,24,300,cytoskeletal protein
6108017at2759,3738009at2759,MYO4,24,300,cytoskeletal protein
6108017at2759,4665828at2759,MYO4,24,300,cytoskeletal protein
6108017at2759,605928at2759,MYO4,24,300,cytoskeletal protein
6108017at2759,3356777at2759,MYO4,24,300,cytoskeletal protein
6108017at2759,5016109at2759,MYO4,24,300,cytoskeletal protein
6108017at2759,1979853at2759,MYO4,24,300,cytoskeletal protein
6108017at2759,4289203at2759,MYO4,24,300,cytoskeletal protein
6108017at2759,4816527at2759,MYO4,24,300,cytoskeletal protein
6108017at2759,4808141at2759,MYO4,24,300,cytoskeletal protein
6108017at2759,4794830at2759,MYO4,24,300,cytoskeletal protein
6108017at2759,4811555at2759,MYO4,24,300,cytoskeletal protein
6108017at2759,5017274at2759,MYO4,24,300,cytoskeletal protein
6108017at2759,4293169at2759,MYO4,24,300,cytoskeletal protein
6108017at2759,2655614at2759,MYO4,24,300,cytoskeletal protein
6108017at2759,3109122at2759,MYO4,24,300,cytoskeletal protein
6108017at2759,759580at2759,MYO4,24,300,cytoskeletal protein
6108017at2759,4915933at2759,MYO4,24,300,cytoskeletal protein
6108017at2759,4808576at2759,MYO4,24,300,cytoskeletal protein
6108017at2759,3675795at2759,MYO4,24,300,cytoskeletal protein
6108017at2759,4813671at2759,MYO4,24,300,cytoskeletal protein
6108017at2759,4943923at2759,MYO4,24,300,cytoskeletal protein
6108017at2759,4692553at2759,MYO4,24,300,cytoskeletal protein
6108017at2759,4811130at2759,MYO4,24,300,cytoskeletal protein
6108017at2759,4886882at2759,MYO4,24,300,cytoskeletal protein
6108017at2759,4842967at2759,MYO4,24,300,cytoskeletal protein
6108017at2759,4771371at2759,MYO4,24,300,cytoskeletal protein
6108017at2759,5014081at2759,MYO4,24,300,cytoskeletal protein
6108017at2759,4816504at2759,MYO4,24,300,cytoskeletal protein
6108017at2759,4810503at2759,MYO4,24,300,cytoskeletal protein
6108017at2759,5019117at2759,MYO4,24,300,cytoskeletal protein
6108017at2759,2999359at2759,MYO4,24,300,cytoskeletal protein
6108017at2759,282565at2759,MYO4,24,300,cytoskeletal protein
6108017at2759,765069at2759,MYO4,24,300,cytoskeletal protein
6108017at2759,211879at2759,MYO4,24,300,cytoskeletal protein
6108017at2759,4892055at2759,MYO4,24,300,cytoskeletal protein
6108017at2759,4820059at2759,MYO4,24,300,cytoskeletal protein
6108017at2759,5015184at2759,MYO4,24,300,cytoskeletal protein
6108017at2759,4775140at2759,MYO4,24,300,cytoskeletal protein
6108017at2759,4757097at2759,MYO4,24,300,cytoskeletal protein
6108017at2759,4809426at2759,MYO4,24,300,cytoskeletal protein
6108017at2759,4944230at2759,MYO4,24,300,cytoskeletal protein
6108017at2759,5014095at2759,MYO4,24,300,cytoskeletal protein
6108017at2759,4290674at2759,MYO4,24,300,cytoskeletal protein
6108017at2759,101451at2759,MYO4,24,300,cytoskeletal protein
6108017at2759,4567825at2759,MYO4,24,300,cytoskeletal protein
613763at2759,5001605at2759,W09C3,1,34,DNA metabolism
613763at2759,1602106at2759,W09C3,1,34,DNA metabolism
613763at2759,4946629at2759,W09C3,1,34,DNA metabolism
63267at2759,4911035at2759,PRKCZ,32,349,protein modifying enzyme
63267at2759,5015601at2759,PRKCZ,32,349,protein modifying enzyme
63267at2759,3709287at2759,PRKCZ,32,349,protein modifying enzyme
63267at2759,569036at2759,PRKCZ,32,349,protein modifying enzyme
63267at2759,4805901at2759,PRKCZ,32,349,protein modifying enzyme
63267at2759,4786112at2759,PRKCZ,32,349,protein modifying enzyme
63267at2759,5024276at2759,PRKCZ,32,349,protein modifying enzyme
63267at2759,4808504at2759,PRKCZ,32,349,protein modifying enzyme
63267at2759,4213659at2759,PRKCZ,32,349,protein modifying enzyme
63267at2759,4259548at2759,PRKCZ,32,349,protein modifying enzyme
63267at2759,4815321at2759,PRKCZ,32,349,protein modifying enzyme
63267at2759,4922849at2759,PRKCZ,32,349,protein modifying enzyme
63267at2759,4341475at2759,PRKCZ,32,349,protein modifying enzyme
63267at2759,4759101at2759,PRKCZ,32,349,protein modifying enzyme
63267at2759,5001957at2759,PRKCZ,32,349,protein modifying enzyme
63267at2759,4767656at2759,PRKCZ,32,349,protein modifying enzyme
63267at2759,4253669at2759,PRKCZ,32,349,protein modifying enzyme
63267at2759,4116724at2759,PRKCZ,32,349,protein modifying enzyme
63267at2759,2163357at2759,PRKCZ,32,349,protein modifying enzyme
63267at2759,4778340at2759,PRKCZ,32,349,protein modifying enzyme
63267at2759,4813485at2759,PRKCZ,32,349,protein modifying enzyme
63267at2759,5013332at2759,PRKCZ,32,349,protein modifying enzyme
63267at2759,3354742at2759,PRKCZ,32,349,protein modifying enzyme
63267at2759,4928430at2759,PRKCZ,32,349,protein modifying enzyme
63267at2759,4257709at2759,PRKCZ,32,349,protein modifying enzyme
63267at2759,742153at2759,PRKCZ,32,349,protein modifying enzyme
63267at2759,4809028at2759,PRKCZ,32,349,protein modifying enzyme
63267at2759,4848059at2759,PRKCZ,32,349,protein modifying enzyme
63267at2759,4763231at2759,PRKCZ,32,349,protein modifying enzyme
63267at2759,3156727at2759,PRKCZ,32,349,protein modifying enzyme
63267at2759,4837280at2759,PRKCZ,32,349,protein modifying enzyme
63267at2759,4815493at2759,PRKCZ,32,349,protein modifying enzyme
63267at2759,4747096at2759,PRKCZ,32,349,protein modifying enzyme
63267at2759,4326239at2759,PRKCZ,32,349,protein modifying enzyme
63267at2759,4788909at2759,PRKCZ,32,349,protein modifying enzyme
63267at2759,3461299at2759,PRKCZ,32,349,protein modifying enzyme
63267at2759,4918076at2759,PRKCZ,32,349,protein modifying enzyme
63267at2759,4925237at2759,PRKCZ,32,349,protein modifying enzyme
63267at2759,3399775at2759,PRKCZ,32,349,protein modifying enzyme
63267at2759,2665886at2759,PRKCZ,32,349,protein modifying enzyme
63267at2759,4924448at2759,PRKCZ,32,349,protein modifying enzyme
63267at2759,4981893at2759,PRKCZ,32,349,protein modifying enzyme
63267at2759,4806400at2759,PRKCZ,32,349,protein modifying enzyme
63267at2759,5000555at2759,PRKCZ,32,349,protein modifying enzyme
63267at2759,790373at2759,PRKCZ,32,349,protein modifying enzyme
63267at2759,4932062at2759,PRKCZ,32,349,protein modifying enzyme
63267at2759,2659860at2759,PRKCZ,32,349,protein modifying enzyme
63267at2759,5005570at2759,PRKCZ,32,349,protein modifying enzyme
63267at2759,4899458at2759,PRKCZ,32,349,protein modifying enzyme
63267at2759,4816805at2759,PRKCZ,32,349,protein modifying enzyme
63267at2759,5013741at2759,PRKCZ,32,349,protein modifying enzyme
63267at2759,4747450at2759,PRKCZ,32,349,protein modifying enzyme
63267at2759,2957961at2759,PRKCZ,32,349,protein modifying enzyme
63267at2759,4916828at2759,PRKCZ,32,349,protein modifying enzyme
63267at2759,4820863at2759,PRKCZ,32,349,protein modifying enzyme
63267at2759,2747324at2759,PRKCZ,32,349,protein modifying enzyme
6353017at2759,3759111at2759,SPC25,3,62,Unclassified
6353017at2759,5012723at2759,SPC25,3,62,Unclassified
6353017at2759,3479658at2759,SPC25,3,62,Unclassified
6353017at2759,628531at2759,SPC25,3,62,Unclassified
6353017at2759,752521at2759,SPC25,3,62,Unclassified
6353017at2759,3488163at2759,SPC25,3,62,Unclassified
6353017at2759,4845396at2759,SPC25,3,62,Unclassified
6353017at2759,2734138at2759,SPC25,3,62,Unclassified
6353017at2759,4813657at2759,SPC25,3,62,Unclassified
6353017at2759,5007107at2759,SPC25,3,62,Unclassified
64353at2759,4843626at2759,CPSF2,1,50,Unclassified
64353at2759,4894387at2759,CPSF2,1,50,Unclassified
64353at2759,2692108at2759,CPSF2,1,50,Unclassified
64353at2759,4884012at2759,CPSF2,1,50,Unclassified
64353at2759,783100at2759,CPSF2,1,50,Unclassified
64353at2759,2702598at2759,CPSF2,1,50,Unclassified
64353at2759,4809242at2759,CPSF2,1,50,Unclassified
64353at2759,4507703at2759,CPSF2,1,50,Unclassified
64767at2759,5015443at2759,MTR4,7,111,DNA metabolism
64767at2759,723425at2759,MTR4,7,111,DNA metabolism
64767at2759,5002609at2759,MTR4,7,111,DNA metabolism
64767at2759,806161at2759,MTR4,7,111,DNA metabolism
64767at2759,4138370at2759,MTR4,7,111,DNA metabolism
64767at2759,4971879at2759,MTR4,7,111,DNA metabolism
64767at2759,4912056at2759,MTR4,7,111,DNA metabolism
64767at2759,5028338at2759,MTR4,7,111,DNA metabolism
6500128at2759,761127at2759,Abcc8,24,866,transporter
6500128at2759,5003772at2759,Abcc8,24,866,transporter
6500128at2759,2458504at2759,Abcc8,24,866,transporter
6500128at2759,5013860at2759,Abcc8,24,866,transporter
6500128at2759,2226678at2759,Abcc8,24,866,transporter
6500128at2759,413593at2759,Abcc8,24,866,transporter
6500128at2759,180961at2759,Abcc8,24,866,transporter
6500128at2759,5006073at2759,Abcc8,24,866,transporter
6500128at2759,537385at2759,Abcc8,24,866,transporter
6500128at2759,5004413at2759,Abcc8,24,866,transporter
6500128at2759,5015265at2759,Abcc8,24,866,transporter
6500128at2759,3072120at2759,Abcc8,24,866,transporter
6500128at2759,673255at2759,Abcc8,24,866,transporter
6500128at2759,4840425at2759,Abcc8,24,866,transporter
6500128at2759,5005432at2759,Abcc8,24,866,transporter
6500128at2759,297392at2759,Abcc8,24,866,transporter
6500128at2759,4307585at2759,Abcc8,24,866,transporter
6500128at2759,4993111at2759,Abcc8,24,866,transporter
6500128at2759,4933545at2759,Abcc8,24,866,transporter
6500128at2759,384097at2759,Abcc8,24,866,transporter
6500128at2759,4840556at2759,Abcc8,24,866,transporter
6500128at2759,5014083at2759,Abcc8,24,866,transporter
6500128at2759,498741at2759,Abcc8,24,866,transporter
6500128at2759,2152162at2759,Abcc8,24,866,transporter
6500128at2759,1214801at2759,Abcc8,24,866,transporter
6500128at2759,5005287at2759,Abcc8,24,866,transporter
6500128at2759,4878814at2759,Abcc8,24,866,transporter
6500128at2759,4946930at2759,Abcc8,24,866,transporter
6500128at2759,2741279at2759,Abcc8,24,866,transporter
6500128at2759,4891700at2759,Abcc8,24,866,transporter
6500128at2759,525445at2759,Abcc8,24,866,transporter
6500128at2759,4839494at2759,Abcc8,24,866,transporter
6500128at2759,294999at2759,Abcc8,24,866,transporter
6500128at2759,89920at2759,Abcc8,24,866,transporter
6500128at2759,2740744at2759,Abcc8,24,866,transporter
6500128at2759,4932542at2759,Abcc8,24,866,transporter
6500128at2759,4609279at2759,Abcc8,24,866,transporter
6500128at2759,4573131at2759,Abcc8,24,866,transporter
6500128at2759,4809143at2759,Abcc8,24,866,transporter
6500128at2759,4766564at2759,Abcc8,24,866,transporter
6500128at2759,293128at2759,Abcc8,24,866,transporter
6500128at2759,5004167at2759,Abcc8,24,866,transporter
6500128at2759,3191848at2759,Abcc8,24,866,transporter
6500128at2759,4947788at2759,Abcc8,24,866,transporter
6500128at2759,4571776at2759,Abcc8,24,866,transporter
6500128at2759,4841701at2759,Abcc8,24,866,transporter
6500128at2759,4817165at2759,Abcc8,24,866,transporter
6500128at2759,4841918at2759,Abcc8,24,866,transporter
6500128at2759,4595524at2759,Abcc8,24,866,transporter
6500128at2759,4947505at2759,Abcc8,24,866,transporter
6500128at2759,2175125at2759,Abcc8,24,866,transporter
6500128at2759,4753329at2759,Abcc8,24,866,transporter
6500128at2759,4820066at2759,Abcc8,24,866,transporter
6500128at2759,5017709at2759,Abcc8,24,866,transporter
6500128at2759,4820400at2759,Abcc8,24,866,transporter
6500128at2759,720291at2759,Abcc8,24,866,transporter
6500128at2759,4914546at2759,Abcc8,24,866,transporter
6500128at2759,4775177at2759,Abcc8,24,866,transporter
6500128at2759,1404465at2759,Abcc8,24,866,transporter
6500128at2759,4780704at2759,Abcc8,24,866,transporter
6500128at2759,4773342at2759,Abcc8,24,866,transporter
6500128at2759,4923894at2759,Abcc8,24,866,transporter
6500128at2759,4843414at2759,Abcc8,24,866,transporter
6500128at2759,1964149at2759,Abcc8,24,866,transporter
6500128at2759,2437384at2759,Abcc8,24,866,transporter
6500128at2759,4895384at2759,Abcc8,24,866,transporter
6500128at2759,4879893at2759,Abcc8,24,866,transporter
6500128at2759,758804at2759,Abcc8,24,866,transporter
6500128at2759,768057at2759,Abcc8,24,866,transporter
6500128at2759,4777557at2759,Abcc8,24,866,transporter
6500128at2759,755556at2759,Abcc8,24,866,transporter
6500128at2759,254518at2759,Abcc8,24,866,transporter
6500128at2759,770704at2759,Abcc8,24,866,transporter
6500128at2759,4883658at2759,Abcc8,24,866,transporter
6500128at2759,5014840at2759,Abcc8,24,866,transporter
6500128at2759,4946424at2759,Abcc8,24,866,transporter
6500128at2759,4458643at2759,Abcc8,24,866,transporter
6500128at2759,489231at2759,Abcc8,24,866,transporter
6500128at2759,546376at2759,Abcc8,24,866,transporter
6500128at2759,1631698at2759,Abcc8,24,866,transporter
6500128at2759,2436919at2759,Abcc8,24,866,transporter
6500128at2759,4820241at2759,Abcc8,24,866,transporter
6500128at2759,4779162at2759,Abcc8,24,866,transporter
6500128at2759,4615200at2759,Abcc8,24,866,transporter
6500128at2759,546200at2759,Abcc8,24,866,transporter
6500128at2759,4757019at2759,Abcc8,24,866,transporter
6500128at2759,2209529at2759,Abcc8,24,866,transporter
6500128at2759,1326186at2759,Abcc8,24,866,transporter
6500128at2759,191745at2759,Abcc8,24,866,transporter
6500128at2759,756184at2759,Abcc8,24,866,transporter
6500128at2759,4822649at2759,Abcc8,24,866,transporter
6500128at2759,4896982at2759,Abcc8,24,866,transporter
6500128at2759,5005798at2759,Abcc8,24,866,transporter
6500128at2759,3353063at2759,Abcc8,24,866,transporter
6500128at2759,4924932at2759,Abcc8,24,866,transporter
6500128at2759,5017559at2759,Abcc8,24,866,transporter
6500128at2759,4439199at2759,Abcc8,24,866,transporter
6500128at2759,790332at2759,Abcc8,24,866,transporter
6500128at2759,5004060at2759,Abcc8,24,866,transporter
6500128at2759,4911770at2759,Abcc8,24,866,transporter
6500128at2759,4832048at2759,Abcc8,24,866,transporter
6500128at2759,809998at2759,Abcc8,24,866,transporter
6513042at2759,4851838at2759,FANCM,8,328,DNA metabolism
6513042at2759,5015469at2759,FANCM,8,328,DNA metabolism
6513042at2759,4935084at2759,FANCM,8,328,DNA metabolism
6513042at2759,804134at2759,FANCM,8,328,DNA metabolism
6513042at2759,4694811at2759,FANCM,8,328,DNA metabolism
6513042at2759,791823at2759,FANCM,8,328,DNA metabolism
6513042at2759,207220at2759,FANCM,8,328,DNA metabolism
6513042at2759,5006235at2759,FANCM,8,328,DNA metabolism
6513042at2759,492394at2759,FANCM,8,328,DNA metabolism
6513042at2759,79596at2759,FANCM,8,328,DNA metabolism
6513042at2759,4786259at2759,FANCM,8,328,DNA metabolism
6513042at2759,5019247at2759,FANCM,8,328,DNA metabolism
6513042at2759,4856075at2759,FANCM,8,328,DNA metabolism
6513042at2759,603681at2759,FANCM,8,328,DNA metabolism
6513042at2759,5005591at2759,FANCM,8,328,DNA metabolism
6513042at2759,5001048at2759,FANCM,8,328,DNA metabolism
6513042at2759,1942403at2759,FANCM,8,328,DNA metabolism
6513042at2759,670072at2759,FANCM,8,328,DNA metabolism
6513042at2759,4566259at2759,FANCM,8,328,DNA metabolism
6513042at2759,4446014at2759,FANCM,8,328,DNA metabolism
6513042at2759,5006193at2759,FANCM,8,328,DNA metabolism
6513042at2759,447531at2759,FANCM,8,328,DNA metabolism
6513042at2759,4948604at2759,FANCM,8,328,DNA metabolism
6513042at2759,685268at2759,FANCM,8,328,DNA metabolism
6513042at2759,670566at2759,FANCM,8,328,DNA metabolism
6513042at2759,4854959at2759,FANCM,8,328,DNA metabolism
6513042at2759,1979934at2759,FANCM,8,328,DNA metabolism
6513042at2759,4686810at2759,FANCM,8,328,DNA metabolism
6513042at2759,720273at2759,FANCM,8,328,DNA metabolism
6513042at2759,4582666at2759,FANCM,8,328,DNA metabolism
6513042at2759,763861at2759,FANCM,8,328,DNA metabolism
6513042at2759,4997720at2759,FANCM,8,328,DNA metabolism
6513042at2759,4368198at2759,FANCM,8,328,DNA metabolism
6513042at2759,723708at2759,FANCM,8,328,DNA metabolism
6513042at2759,4962240at2759,FANCM,8,328,DNA metabolism
6513042at2759,4916117at2759,FANCM,8,328,DNA metabolism
6513042at2759,5019939at2759,FANCM,8,328,DNA metabolism
6513042at2759,4600187at2759,FANCM,8,328,DNA metabolism
6513042at2759,4851562at2759,FANCM,8,328,DNA metabolism
6513042at2759,4852601at2759,FANCM,8,328,DNA metabolism
6513042at2759,4851869at2759,FANCM,8,328,DNA metabolism
6513042at2759,3614666at2759,FANCM,8,328,DNA metabolism
6513042at2759,32831at2759,FANCM,8,328,DNA metabolism
6513042at2759,4846613at2759,FANCM,8,328,DNA metabolism
6513042at2759,2624812at2759,FANCM,8,328,DNA metabolism
6513042at2759,4937943at2759,FANCM,8,328,DNA metabolism
6513042at2759,5001224at2759,FANCM,8,328,DNA metabolism
6513042at2759,765815at2759,FANCM,8,328,DNA metabolism
6513042at2759,771972at2759,FANCM,8,328,DNA metabolism
6513042at2759,4931617at2759,FANCM,8,328,DNA metabolism
6513042at2759,4729738at2759,FANCM,8,328,DNA metabolism
6513042at2759,373921at2759,FANCM,8,328,DNA metabolism
6513042at2759,679211at2759,FANCM,8,328,DNA metabolism
6513042at2759,4918073at2759,FANCM,8,328,DNA metabolism
6513042at2759,4842756at2759,FANCM,8,328,DNA metabolism
6513042at2759,4944447at2759,FANCM,8,328,DNA metabolism
6513042at2759,4459294at2759,FANCM,8,328,DNA metabolism
6600758at2759,742748at2759,UBE2I,2,56,protein modifying enzyme
6600758at2759,3748969at2759,UBE2I,2,56,protein modifying enzyme
6600758at2759,5012762at2759,UBE2I,2,56,protein modifying enzyme
6600758at2759,4926498at2759,UBE2I,2,56,protein modifying enzyme
6600758at2759,534896at2759,UBE2I,2,56,protein modifying enzyme
660555at2759,2431649at2759,LRCH3,25,274,scaffold/adaptor protein
660555at2759,5017854at2759,LRCH3,25,274,scaffold/adaptor protein
660555at2759,2707723at2759,LRCH3,25,274,scaffold/adaptor protein
660555at2759,5016519at2759,LRCH3,25,274,scaffold/adaptor protein
660555at2759,759101at2759,LRCH3,25,274,scaffold/adaptor protein
660555at2759,2672131at2759,LRCH3,25,274,scaffold/adaptor protein
660555at2759,3499577at2759,LRCH3,25,274,scaffold/adaptor protein
660555at2759,4891963at2759,LRCH3,25,274,scaffold/adaptor protein
660555at2759,4812019at2759,LRCH3,25,274,scaffold/adaptor protein
660555at2759,2679980at2759,LRCH3,25,274,scaffold/adaptor protein
660555at2759,4929096at2759,LRCH3,25,274,scaffold/adaptor protein
660555at2759,4688596at2759,LRCH3,25,274,scaffold/adaptor protein
660555at2759,5017671at2759,LRCH3,25,274,scaffold/adaptor protein
660555at2759,4820248at2759,LRCH3,25,274,scaffold/adaptor protein
660555at2759,4807216at2759,LRCH3,25,274,scaffold/adaptor protein
660555at2759,5019416at2759,LRCH3,25,274,scaffold/adaptor protein
660555at2759,4806502at2759,LRCH3,25,274,scaffold/adaptor protein
660555at2759,4760560at2759,LRCH3,25,274,scaffold/adaptor protein
660555at2759,4616396at2759,LRCH3,25,274,scaffold/adaptor protein
660555at2759,4235236at2759,LRCH3,25,274,scaffold/adaptor protein
660555at2759,4850992at2759,LRCH3,25,274,scaffold/adaptor protein
660555at2759,4808252at2759,LRCH3,25,274,scaffold/adaptor protein
660555at2759,4823417at2759,LRCH3,25,274,scaffold/adaptor protein
660555at2759,3405071at2759,LRCH3,25,274,scaffold/adaptor protein
660555at2759,797255at2759,LRCH3,25,274,scaffold/adaptor protein
660555at2759,3751589at2759,LRCH3,25,274,scaffold/adaptor protein
660555at2759,4563652at2759,LRCH3,25,274,scaffold/adaptor protein
660555at2759,5013971at2759,LRCH3,25,274,scaffold/adaptor protein
660555at2759,4344219at2759,LRCH3,25,274,scaffold/adaptor protein
660555at2759,4698748at2759,LRCH3,25,274,scaffold/adaptor protein
660555at2759,4808193at2759,LRCH3,25,274,scaffold/adaptor protein
660555at2759,2702402at2759,LRCH3,25,274,scaffold/adaptor protein
660555at2759,5015964at2759,LRCH3,25,274,scaffold/adaptor protein
660555at2759,762567at2759,LRCH3,25,274,scaffold/adaptor protein
660555at2759,4934647at2759,LRCH3,25,274,scaffold/adaptor protein
660555at2759,4946666at2759,LRCH3,25,274,scaffold/adaptor protein
660555at2759,4904283at2759,LRCH3,25,274,scaffold/adaptor protein
660555at2759,4618098at2759,LRCH3,25,274,scaffold/adaptor protein
660555at2759,4226661at2759,LRCH3,25,274,scaffold/adaptor protein
660555at2759,722760at2759,LRCH3,25,274,scaffold/adaptor protein
660555at2759,4531190at2759,LRCH3,25,274,scaffold/adaptor protein
660555at2759,4936266at2759,LRCH3,25,274,scaffold/adaptor protein
660555at2759,2748311at2759,LRCH3,25,274,scaffold/adaptor protein
660555at2759,5017213at2759,LRCH3,25,274,scaffold/adaptor protein
660555at2759,5015319at2759,LRCH3,25,274,scaffold/adaptor protein
660555at2759,3570689at2759,LRCH3,25,274,scaffold/adaptor protein
660555at2759,4810887at2759,LRCH3,25,274,scaffold/adaptor protein
660555at2759,1970082at2759,LRCH3,25,274,scaffold/adaptor protein
660555at2759,5018670at2759,LRCH3,25,274,scaffold/adaptor protein
660555at2759,4559582at2759,LRCH3,25,274,scaffold/adaptor protein
660555at2759,791475at2759,LRCH3,25,274,scaffold/adaptor protein
660555at2759,416973at2759,LRCH3,25,274,scaffold/adaptor protein
660555at2759,5022943at2759,LRCH3,25,274,scaffold/adaptor protein
660555at2759,2707101at2759,LRCH3,25,274,scaffold/adaptor protein
660555at2759,5014260at2759,LRCH3,25,274,scaffold/adaptor protein
660555at2759,2665724at2759,LRCH3,25,274,scaffold/adaptor protein
660555at2759,2708381at2759,LRCH3,25,274,scaffold/adaptor protein
660555at2759,3743852at2759,LRCH3,25,274,scaffold/adaptor protein
660555at2759,4613684at2759,LRCH3,25,274,scaffold/adaptor protein
660555at2759,4805005at2759,LRCH3,25,274,scaffold/adaptor protein
660555at2759,4931662at2759,LRCH3,25,274,scaffold/adaptor protein
660555at2759,195799at2759,LRCH3,25,274,scaffold/adaptor protein
660555at2759,4692820at2759,LRCH3,25,274,scaffold/adaptor protein
660555at2759,4884299at2759,LRCH3,25,274,scaffold/adaptor protein
660555at2759,57562at2759,LRCH3,25,274,scaffold/adaptor protein
660555at2759,4776760at2759,LRCH3,25,274,scaffold/adaptor protein
660555at2759,5018896at2759,LRCH3,25,274,scaffold/adaptor protein
660555at2759,4897611at2759,LRCH3,25,274,scaffold/adaptor protein
660555at2759,5019426at2759,LRCH3,25,274,scaffold/adaptor protein
660555at2759,5017697at2759,LRCH3,25,274,scaffold/adaptor protein
660555at2759,4668883at2759,LRCH3,25,274,scaffold/adaptor protein
660555at2759,5018008at2759,LRCH3,25,274,scaffold/adaptor protein
660555at2759,4762965at2759,LRCH3,25,274,scaffold/adaptor protein
660555at2759,4426128at2759,LRCH3,25,274,scaffold/adaptor protein
660555at2759,2692311at2759,LRCH3,25,274,scaffold/adaptor protein
660555at2759,4989224at2759,LRCH3,25,274,scaffold/adaptor protein
660555at2759,4411517at2759,LRCH3,25,274,scaffold/adaptor protein
660555at2759,4807944at2759,LRCH3,25,274,scaffold/adaptor protein
660555at2759,4300221at2759,LRCH3,25,274,scaffold/adaptor protein
660555at2759,4941740at2759,LRCH3,25,274,scaffold/adaptor protein
660555at2759,4818590at2759,LRCH3,25,274,scaffold/adaptor protein
660555at2759,5019104at2759,LRCH3,25,274,scaffold/adaptor protein
6780543at2759,4986835at2759,NOP56,2,81,RNA metabolism
6780543at2759,1320541at2759,NOP56,2,81,RNA metabolism
6780543at2759,2746498at2759,NOP56,2,81,RNA metabolism
6780543at2759,2496762at2759,NOP56,2,81,RNA metabolism
6780543at2759,110428at2759,NOP56,2,81,RNA metabolism
6780543at2759,1904164at2759,NOP56,2,81,RNA metabolism
6780543at2759,2495811at2759,NOP56,2,81,RNA metabolism
6780543at2759,384937at2759,NOP56,2,81,RNA metabolism
68056at2759,5016037at2759,RARS1,2,54,translational protein
68056at2759,4895071at2759,RARS1,2,54,translational protein
7851174at2759,535258at2759,ubc,8,134,protein modifying enzyme
7851174at2759,2391141at2759,ubc,8,134,protein modifying enzyme
7851174at2759,367260at2759,ubc,8,134,protein modifying enzyme
7851174at2759,5000442at2759,ubc,8,134,protein modifying enzyme
7851174at2759,540956at2759,ubc,8,134,protein modifying enzyme
7851174at2759,329263at2759,ubc,8,134,protein modifying enzyme
7851174at2759,4836919at2759,ubc,8,134,protein modifying enzyme
7875889at2759,104617at2759,ASC1,2,44,Unclassified
7875889at2759,753775at2759,ASC1,2,44,Unclassified
7875889at2759,4954737at2759,ASC1,2,44,Unclassified
8068875at2759,5018739at2759,RSP5,14,341,protein modifying enzyme
8068875at2759,2732624at2759,RSP5,14,341,protein modifying enzyme
8068875at2759,4875149at2759,RSP5,14,341,protein modifying enzyme
8068875at2759,5002796at2759,RSP5,14,341,protein modifying enzyme
8068875at2759,4924003at2759,RSP5,14,341,protein modifying enzyme
8068875at2759,4938349at2759,RSP5,14,341,protein modifying enzyme
8068875at2759,792622at2759,RSP5,14,341,protein modifying enzyme
8068875at2759,4889337at2759,RSP5,14,341,protein modifying enzyme
8068875at2759,4890204at2759,RSP5,14,341,protein modifying enzyme
8068875at2759,4999494at2759,RSP5,14,341,protein modifying enzyme
8068875at2759,806835at2759,RSP5,14,341,protein modifying enzyme
8068875at2759,537202at2759,RSP5,14,341,protein modifying enzyme
8068875at2759,4698932at2759,RSP5,14,341,protein modifying enzyme
8068875at2759,4454217at2759,RSP5,14,341,protein modifying enzyme
8068875at2759,2559159at2759,RSP5,14,341,protein modifying enzyme
8068875at2759,750594at2759,RSP5,14,341,protein modifying enzyme
8068875at2759,667189at2759,RSP5,14,341,protein modifying enzyme
8068875at2759,4756314at2759,RSP5,14,341,protein modifying enzyme
8068875at2759,4261414at2759,RSP5,14,341,protein modifying enzyme
8068875at2759,4945044at2759,RSP5,14,341,protein modifying enzyme
8068875at2759,4807515at2759,RSP5,14,341,protein modifying enzyme
8068875at2759,4807149at2759,RSP5,14,341,protein modifying enzyme
8068875at2759,794775at2759,RSP5,14,341,protein modifying enzyme
8068875at2759,748567at2759,RSP5,14,341,protein modifying enzyme
8068875at2759,4678777at2759,RSP5,14,341,protein modifying enzyme
8068875at2759,4805084at2759,RSP5,14,341,protein modifying enzyme
8068875at2759,529537at2759,RSP5,14,341,protein modifying enzyme
8068875at2759,5015432at2759,RSP5,14,341,protein modifying enzyme
8068875at2759,4676669at2759,RSP5,14,341,protein modifying enzyme
8068875at2759,4698591at2759,RSP5,14,341,protein modifying enzyme
8068875at2759,767898at2759,RSP5,14,341,protein modifying enzyme
8068875at2759,4940131at2759,RSP5,14,341,protein modifying enzyme
8068875at2759,4941935at2759,RSP5,14,341,protein modifying enzyme
8068875at2759,751397at2759,RSP5,14,341,protein modifying enzyme
8068875at2759,5017710at2759,RSP5,14,341,protein modifying enzyme
8068875at2759,4820789at2759,RSP5,14,341,protein modifying enzyme
8068875at2759,4979027at2759,RSP5,14,341,protein modifying enzyme
8068875at2759,4948607at2759,RSP5,14,341,protein modifying enzyme
8068875at2759,784068at2759,RSP5,14,341,protein modifying enzyme
8068875at2759,5018497at2759,RSP5,14,341,protein modifying enzyme
8068875at2759,5000720at2759,RSP5,14,341,protein modifying enzyme
8068875at2759,218735at2759,RSP5,14,341,protein modifying enzyme
8068875at2759,4807201at2759,RSP5,14,341,protein modifying enzyme
8068875at2759,4929102at2759,RSP5,14,341,protein modifying enzyme
8068875at2759,1137840at2759,RSP5,14,341,protein modifying enzyme
8068875at2759,4810707at2759,RSP5,14,341,protein modifying enzyme
8068875at2759,4235285at2759,RSP5,14,341,protein modifying enzyme
8068875at2759,4436555at2759,RSP5,14,341,protein modifying enzyme
8068875at2759,5017205at2759,RSP5,14,341,protein modifying enzyme
8068875at2759,806740at2759,RSP5,14,341,protein modifying enzyme
8068875at2759,760497at2759,RSP5,14,341,protein modifying enzyme
8068875at2759,4888256at2759,RSP5,14,341,protein modifying enzyme
8068875at2759,4776242at2759,RSP5,14,341,protein modifying enzyme
8068875at2759,4933950at2759,RSP5,14,341,protein modifying enzyme
8068875at2759,803449at2759,RSP5,14,341,protein modifying enzyme
8068875at2759,4935113at2759,RSP5,14,341,protein modifying enzyme
8068875at2759,5015324at2759,RSP5,14,341,protein modifying enzyme
8068875at2759,120948at2759,RSP5,14,341,protein modifying enzyme
8068875at2759,4281538at2759,RSP5,14,341,protein modifying enzyme
8068875at2759,4780403at2759,RSP5,14,341,protein modifying enzyme
8068875at2759,4960196at2759,RSP5,14,341,protein modifying enzyme
8068875at2759,537465at2759,RSP5,14,341,protein modifying enzyme
8068875at2759,4838732at2759,RSP5,14,341,protein modifying enzyme
8068875at2759,5018600at2759,RSP5,14,341,protein modifying enzyme
8068875at2759,4943017at2759,RSP5,14,341,protein modifying enzyme
8068875at2759,1897827at2759,RSP5,14,341,protein modifying enzyme
8068875at2759,4845360at2759,RSP5,14,341,protein modifying enzyme
8068875at2759,4813605at2759,RSP5,14,341,protein modifying enzyme
8068875at2759,4787589at2759,RSP5,14,341,protein modifying enzyme
8068875at2759,4773057at2759,RSP5,14,341,protein modifying enzyme
8068875at2759,4945934at2759,RSP5,14,341,protein modifying enzyme
8068875at2759,4754137at2759,RSP5,14,341,protein modifying enzyme
8068875at2759,538957at2759,RSP5,14,341,protein modifying enzyme
8068875at2759,4774598at2759,RSP5,14,341,protein modifying enzyme
8068875at2759,4763524at2759,RSP5,14,341,protein modifying enzyme
8068875at2759,4769459at2759,RSP5,14,341,protein modifying enzyme
8068875at2759,4958125at2759,RSP5,14,341,protein modifying enzyme
8068875at2759,5017361at2759,RSP5,14,341,protein modifying enzyme
844at2759,4589885at2759,MCM2,1,34,DNA metabolism
8962942at2759,5019875at2759,RBX1B,2,57,protein modifying enzyme
8962942at2759,4980569at2759,RBX1B,2,57,protein modifying enzyme
8962942at2759,766905at2759,RBX1B,2,57,protein modifying enzyme
8962942at2759,635569at2759,RBX1B,2,57,protein modifying enzyme
8962942at2759,4411505at2759,RBX1B,2,57,protein modifying enzyme
8962942at2759,620628at2759,RBX1B,2,57,protein modifying enzyme
8962942at2759,2688303at2759,RBX1B,2,57,protein modifying enzyme
8962942at2759,772302at2759,RBX1B,2,57,protein modifying enzyme
9332038at2759,4919501at2759,mbk,9,148,protein modifying enzyme
9332038at2759,4931568at2759,mbk,9,148,protein modifying enzyme
9332038at2759,3306029at2759,mbk,9,148,protein modifying enzyme
9332038at2759,226451at2759,mbk,9,148,protein modifying enzyme
9332038at2759,5006390at2759,mbk,9,148,protein modifying enzyme
9332038at2759,5019653at2759,mbk,9,148,protein modifying enzyme
9332038at2759,4987216at2759,mbk,9,148,protein modifying enzyme
9332038at2759,4843639at2759,mbk,9,148,protein modifying enzyme
9332038at2759,2240548at2759,mbk,9,148,protein modifying enzyme
9332038at2759,2866029at2759,mbk,9,148,protein modifying enzyme
9332038at2759,2591747at2759,mbk,9,148,protein modifying enzyme
9332038at2759,4700103at2759,mbk,9,148,protein modifying enzyme
9332038at2759,4811770at2759,mbk,9,148,protein modifying enzyme
9332038at2759,4922553at2759,mbk,9,148,protein modifying enzyme
9332038at2759,4233126at2759,mbk,9,148,protein modifying enzyme
9991317at2759,4691685at2759,GTF3C3,3,125,protein modifying enzyme
9991317at2759,3296321at2759,GTF3C3,3,125,protein modifying enzyme
9991317at2759,4779383at2759,GTF3C3,3,125,protein modifying enzyme
9991317at2759,5016125at2759,GTF3C3,3,125,protein modifying enzyme
9991317at2759,299246at2759,GTF3C3,3,125,protein modifying enzyme
9991317at2759,5000894at2759,GTF3C3,3,125,protein modifying enzyme
9991317at2759,4820747at2759,GTF3C3,3,125,protein modifying enzyme
9991317at2759,4692580at2759,GTF3C3,3,125,protein modifying enzyme
9991317at2759,4895882at2759,GTF3C3,3,125,protein modifying enzyme
9991317at2759,1217329at2759,GTF3C3,3,125,protein modifying enzyme
9991317at2759,2831756at2759,GTF3C3,3,125,protein modifying enzyme
9991317at2759,2735001at2759,GTF3C3,3,125,protein modifying enzyme
9991317at2759,2685147at2759,GTF3C3,3,125,protein modifying enzyme
9991317at2759,1670400at2759,GTF3C3,3,125,protein modifying enzyme
9991317at2759,4760863at2759,GTF3C3,3,125,protein modifying enzyme
9991317at2759,4750045at2759,GTF3C3,3,125,protein modifying enzyme
9991317at2759,642908at2759,GTF3C3,3,125,protein modifying enzyme
9991317at2759,3498518at2759,GTF3C3,3,125,protein modifying enzyme
9991317at2759,4817608at2759,GTF3C3,3,125,protein modifying enzyme
9991317at2759,4671648at2759,GTF3C3,3,125,protein modifying enzyme
9991317at2759,791393at2759,GTF3C3,3,125,protein modifying enzyme
9991317at2759,2550442at2759,GTF3C3,3,125,protein modifying enzyme
9991317at2759,4817560at2759,GTF3C3,3,125,protein modifying enzyme
9991317at2759,4937537at2759,GTF3C3,3,125,protein modifying enzyme
9991317at2759,4842181at2759,GTF3C3,3,125,protein modifying enzyme
9991317at2759,4810362at2759,GTF3C3,3,125,protein modifying enzyme
9991317at2759,4815585at2759,GTF3C3,3,125,protein modifying enzyme
9991317at2759,4693798at2759,GTF3C3,3,125,protein modifying enzyme
9991317at2759,807359at2759,GTF3C3,3,125,protein modifying enzyme
9991317at2759,620909at2759,GTF3C3,3,125,protein modifying enzyme
9991317at2759,4844353at2759,GTF3C3,3,125,protein modifying enzyme
9991317at2759,2711203at2759,GTF3C3,3,125,protein modifying enzyme
9991317at2759,4811119at2759,GTF3C3,3,125,protein modifying enzyme
9991317at2759,2437599at2759,GTF3C3,3,125,protein modifying enzyme
